frequencyHz,meanPSD
0,1.29674635238084e-07
0.166638893517747,2.72696058902861e-06
0.333277787035494,6.4041396060505e-07
0.499916680553241,4.86608808666501e-08
0.666555574070988,3.74482919265057e-08
0.833194467588734,5.34327008568156e-08
0.999833361106481,4.15243449825905e-08
1.16647225462423,2.88568527062003e-08
1.33311114814198,2.87058020129599e-08
1.49975004165972,2.90468265366395e-08
1.66638893517747,2.44682388823629e-08
1.83302782869522,2.58592053828048e-08
1.99966672221296,2.27686719055132e-08
2.16630561573071,2.17003643268557e-08
2.33294450924846,2.56442045844736e-08
2.4995834027662,2.90954191247014e-08
2.66622229628395,2.83983829907148e-08
2.8328611898017,3.44978114627446e-08
2.99950008331944,2.18167607411285e-08
3.16613897683719,2.3735936083079e-08
3.33277787035494,3.33807792670663e-08
3.49941676387268,2.91565397737459e-08
3.66605565739043,3.0578885515864e-08
3.83269455090818,4.29002368864928e-08
3.99933344442593,5.25236156981801e-08
4.16597233794367,6.46609141692575e-08
4.33261123146142,6.14304426004225e-08
4.49925012497917,4.73159236732774e-08
4.66588901849691,4.28900485181897e-08
4.83252791201466,3.88883985292822e-08
4.99916680553241,7.68834396300332e-08
5.16580569905015,1.64991357849281e-07
5.3324445925679,1.52788685328908e-07
5.49908348608565,8.93064612382313e-08
5.66572237960339,1.81483778147482e-07
5.83236127312114,2.29891397754711e-07
5.99900016663889,7.10526492549128e-07
6.16563906015663,5.14407552839835e-07
6.33227795367438,4.15566645722119e-07
6.49891684719213,3.47013353340765e-07
6.66555574070988,1.86935648875267e-07
6.83219463422762,1.24090612260383e-07
6.99883352774537,7.73036339630691e-08
7.16547242126312,4.78151519089598e-08
7.33211131478086,5.11457763924586e-08
7.49875020829861,5.2717666660893e-08
7.66538910181636,4.98054077264325e-08
7.8320279953341,4.48771961217004e-08
7.99866688885185,3.17290484389364e-08
8.1653057823696,2.68073816460036e-08
8.33194467588734,2.15412922370806e-08
8.49858356940509,2.44844268682094e-08
8.66522246292284,2.87180814546313e-08
8.83186135644059,2.63749905547339e-08
8.99850024995833,2.38082996776973e-08
9.16513914347608,2.35938430941286e-08
9.33177803699383,1.86658801006803e-08
9.49841693051157,2.58258331992536e-08
9.66505582402932,3.77728543424645e-08
9.83169471754707,4.55395401778112e-08
9.99833361106481,4.53356001451063e-08
10.1649725045826,2.63371862727939e-08
10.3316113981003,2.38882621207345e-08
10.4982502916181,3.35788408012175e-08
10.6648891851358,3.11590869271669e-08
10.8315280786535,3.16135210324079e-08
10.9981669721713,3.28835879755498e-08
11.164805865689,2.21038636159072e-08
11.3314447592068,2.0170429603894e-08
11.4980836527245,2.03339892293923e-08
11.6647225462423,2.61017889340762e-08
11.83136143976,2.52561757419862e-08
11.9980003332778,1.53470287531568e-08
12.1646392267955,1.59594710299472e-08
12.3312781203133,1.66256878003979e-08
12.497917013831,1.53599147534294e-08
12.6645559073488,2.02515669405405e-08
12.8311948008665,2.25805540188111e-08
12.9978336943843,1.60980360845957e-08
13.164472587902,1.54720156778146e-08
13.3311114814198,1.16994897447774e-08
13.4977503749375,1.14208777972429e-08
13.6643892684552,1.73840903018574e-08
13.831028161973,1.92207384840637e-08
13.9976670554907,1.43128388675605e-08
14.1643059490085,1.76031630938694e-08
14.3309448425262,1.69398577999947e-08
14.497583736044,1.19677056224941e-08
14.6642226295617,1.45242481828346e-08
14.8308615230795,1.78157554946447e-08
14.9975004165972,1.55303815119948e-08
15.164139310115,1.68042074711416e-08
15.3307782036327,1.71224510610703e-08
15.4974170971505,1.39898739231981e-08
15.6640559906682,1.65517124176478e-08
15.830694884186,1.58490598519442e-08
15.9973337777037,2.09453791940306e-08
16.1639726712214,1.81200589115504e-08
16.3306115647392,1.38991046690316e-08
16.4972504582569,1.48278331432526e-08
16.6638893517747,1.4071090515556e-08
16.8305282452924,1.46347969107195e-08
16.9971671388102,1.56148362779332e-08
17.1638060323279,1.6047615347088e-08
17.3304449258457,1.401237054125e-08
17.4970838193634,1.57874033900673e-08
17.6637227128812,1.18803314422263e-08
17.8303616063989,1.25662963999837e-08
17.9970004999167,1.56584230537074e-08
18.1636393934344,1.50460792492673e-08
18.3302782869522,1.23537656960843e-08
18.4969171804699,1.34878616516605e-08
18.6635560739877,1.12852332997941e-08
18.8301949675054,1.07897227134886e-08
18.9968338610231,1.25685654871847e-08
19.1634727545409,1.60185826400841e-08
19.3301116480586,1.37628400876032e-08
19.4967505415764,1.13145720708465e-08
19.6633894350941,1.16236358459342e-08
19.8300283286119,1.2137948334327e-08
19.9966672221296,1.47558041454533e-08
20.1633061156474,1.49149570217114e-08
20.3299450091651,1.39211762975178e-08
20.4965839026829,1.2891440614921e-08
20.6632227962006,1.47233339565944e-08
20.8298616897184,1.33558363479173e-08
20.9965005832361,1.15448429560812e-08
21.1631394767539,1.1277028433797e-08
21.3297783702716,1.36556827236675e-08
21.4964172637894,1.29754972111087e-08
21.6630561573071,9.31175682321296e-09
21.8296950508248,1.09298521831279e-08
21.9963339443426,1.08695763474934e-08
22.1629728378603,8.95822519026114e-09
22.3296117313781,1.15612125548799e-08
22.4962506248958,1.21526666587567e-08
22.6628895184136,1.1298703113664e-08
22.8295284119313,1.08329145976686e-08
22.9961673054491,1.09033851149162e-08
23.1628061989668,1.19765997549707e-08
23.3294450924846,1.12309007325724e-08
23.4960839860023,1.20181952628702e-08
23.6627228795201,1.16016600502509e-08
23.8293617730378,1.27024634357488e-08
23.9960006665556,1.38398922637495e-08
24.1626395600733,1.47771138494299e-08
24.329278453591,1.14290358303372e-08
24.4959173471088,9.43503261249314e-09
24.6625562406265,1.09412118986697e-08
24.8291951341443,1.2379034420014e-08
24.995834027662,1.19444532138121e-08
25.1624729211798,2.3331053887987e-08
25.3291118146975,1.2163569604433e-07
25.4957507082153,1.02713754980878e-07
25.662389601733,1.59257922457636e-08
25.8290284952508,1.25094338942202e-08
25.9956673887685,1.26604949478761e-08
26.1623062822863,9.50063916575853e-09
26.328945175804,1.32749396269017e-08
26.4955840693218,1.39643731009297e-08
26.6622229628395,1.27847509482266e-08
26.8288618563572,1.3643364579577e-08
26.995500749875,1.54277712263987e-08
27.1621396433927,1.44611280127223e-08
27.3287785369105,1.31825231632584e-08
27.4954174304282,1.24907954942941e-08
27.662056323946,1.23245294632953e-08
27.8286952174637,1.32711478772076e-08
27.9953341109815,1.32370323771779e-08
28.1619730044992,1.36704481217168e-08
28.328611898017,1.33964272905891e-08
28.4952507915347,1.08682008249309e-08
28.6618896850525,9.17460127649723e-09
28.8285285785702,9.40062719754998e-09
28.995167472088,9.01856463039613e-09
29.1618063656057,8.79017775518269e-09
29.3284452591235,1.20029591088452e-08
29.4950841526412,1.21842061849672e-08
29.6617230461589,1.03461807985018e-08
29.8283619396767,1.08104399079019e-08
29.9950008331944,1.24820026656059e-08
30.1616397267122,1.33325742125171e-08
30.3282786202299,1.47825707074402e-08
30.4949175137477,1.05914547251033e-08
30.6615564072654,1.12753844074266e-08
30.8281953007832,1.24241487897187e-08
30.9948341943009,1.59706878817155e-08
31.1614730878187,1.33629274643869e-08
31.3281119813364,1.24367759300129e-08
31.4947508748542,1.54215651904295e-08
31.6613897683719,1.59215652091571e-08
31.8280286618897,1.73690566905178e-08
31.9946675554074,1.40919986673495e-08
32.1613064489252,1.2698708079674e-08
32.3279453424429,1.47739644643698e-08
32.4945842359606,1.7806339678857e-08
32.6612231294784,1.49860138604814e-08
32.8278620229961,1.06882431444172e-08
32.9945009165139,1.05409481492483e-08
33.1611398100316,1.26885845900062e-08
33.3277787035494,1.26639464948756e-08
33.4944175970671,1.31015358166835e-08
33.6610564905849,1.37912169013486e-08
33.8276953841026,1.07724060224218e-08
33.9943342776204,1.25719099848013e-08
34.1609731711381,1.60136523851296e-08
34.3276120646559,1.40644010369359e-08
34.4942509581736,1.23277481033443e-08
34.6608898516914,9.99594678192218e-09
34.8275287452091,1.18645705906161e-08
34.9941676387268,1.16180673621184e-08
35.1608065322446,1.41477863162003e-08
35.3274454257623,1.21883609961521e-08
35.4940843192801,1.32307129226023e-08
35.6607232127978,1.1581516994578e-08
35.8273621063156,8.73855638292724e-09
35.9940009998333,8.83971184514134e-09
36.1606398933511,1.20819367656172e-08
36.3272787868688,1.25029964005131e-08
36.4939176803866,1.46827084245883e-08
36.6605565739043,1.74893874834581e-08
36.8271954674221,1.39295394599057e-08
36.9938343609398,1.22394352475671e-08
37.1604732544576,1.16036019368487e-08
37.3271121479753,1.55862045071321e-08
37.493751041493,1.64303457051573e-08
37.6603899350108,1.40344754231952e-08
37.8270288285285,1.51811571277126e-08
37.9936677220463,1.47962575128984e-08
38.160306615564,1.54941513638137e-08
38.3269455090818,9.38034915591607e-09
38.4935844025995,9.93004741590229e-09
38.6602232961173,1.37948024886327e-08
38.826862189635,1.40683170324151e-08
38.9935010831528,1.1161831477814e-08
39.1601399766705,1.37171748197976e-08
39.3267788701883,1.28901952310892e-08
39.493417763706,1.09299741541884e-08
39.6600566572238,1.28968916160103e-08
39.8266955507415,1.27336275971624e-08
39.9933344442593,1.13968428853684e-08
40.159973337777,1.41924427361411e-08
40.3266122312947,1.12071019092011e-08
40.4932511248125,1.3010515510686e-08
40.6598900183302,1.49725890146166e-08
40.826528911848,1.50420987071114e-08
40.9931678053657,1.5163172102938e-08
41.1598066988835,1.18955997008245e-08
41.3264455924012,1.02988011978688e-08
41.493084485919,1.2089748837773e-08
41.6597233794367,1.27743832490368e-08
41.8263622729545,1.28100312827895e-08
41.9930011664722,1.3322590911546e-08
42.15964005999,1.2615008189224e-08
42.3262789535077,1.12322768522293e-08
42.4929178470255,1.02960715354728e-08
42.6595567405432,1.24105468095072e-08
42.826195634061,1.56005508984083e-08
42.9928345275787,1.37829832706542e-08
43.1594734210964,9.60478678030461e-09
43.3261123146142,1.11224609319477e-08
43.4927512081319,1.20630802589481e-08
43.6593901016497,1.2589781324212e-08
43.8260289951674,1.04746842252969e-08
43.9926678886852,9.38309994288289e-09
44.1593067822029,1.19702852853388e-08
44.3259456757207,1.23383284753088e-08
44.4925845692384,1.51909040172605e-08
44.6592234627562,1.16408193489564e-08
44.8258623562739,9.09283302141067e-09
44.9925012497917,1.15078754234676e-08
45.1591401433094,1.21789096866355e-08
45.3257790368272,1.27897928084919e-08
45.4924179303449,1.03744492847596e-08
45.6590568238626,1.28846954015567e-08
45.8256957173804,1.19636447187057e-08
45.9923346108981,1.40124944828333e-08
46.1589735044159,1.08419009367847e-08
46.3256123979336,1.07987019973787e-08
46.4922512914514,1.09522985114059e-08
46.6588901849691,1.15407392194773e-08
46.8255290784869,1.09884410335285e-08
46.9921679720046,1.19702666807303e-08
47.1588068655224,1.22300253677451e-08
47.3254457590401,1.20757061069565e-08
47.4920846525579,1.19602504834295e-08
47.6587235460756,1.20690101002306e-08
47.8253624395934,1.16012242799686e-08
47.9920013331111,1.34138127939971e-08
48.1586402266288,1.16360260756837e-08
48.3252791201466,8.47590311812646e-09
48.4919180136643,1.10606538737013e-08
48.6585569071821,1.5671334405463e-08
48.8251958006998,1.37917319578996e-08
48.9918346942176,1.12620809109007e-08
49.1584735877353,1.16925787868129e-08
49.3251124812531,1.14370480036732e-08
49.4917513747708,9.79739988132163e-09
49.6583902682886,1.02259965598361e-08
49.8250291618063,9.44761576996653e-09
49.9916680553241,1.06817284698287e-08
50.1583069488418,1.11088221782875e-08
50.3249458423596,1.22201662270827e-08
50.4915847358773,1.12047353552031e-08
50.6582236293951,1.38936176609203e-08
50.8248625229128,1.3242264123288e-08
50.9915014164305,1.00769151434826e-08
51.1581403099483,1.12127881833136e-08
51.324779203466,1.29979834075301e-08
51.4914180969838,1.11650045150318e-08
51.6580569905015,1.11358435571807e-08
51.8246958840193,1.12187860449827e-08
51.991334777537,1.00414130484439e-08
52.1579736710548,1.034029584028e-08
52.3246125645725,1.26096645955555e-08
52.4912514580903,1.37031925997789e-08
52.657890351608,1.31785004450482e-08
52.8245292451258,1.22853258344644e-08
52.9911681386435,1.39792051133748e-08
53.1578070321613,1.07333374521607e-08
53.324445925679,9.49111360488044e-09
53.4910848191968,1.41477163321202e-08
53.6577237127145,1.49944688088355e-08
53.8243626062322,1.35448268579731e-08
53.99100149975,1.15842127237763e-08
54.1576403932677,1.3307289857165e-08
54.3242792867855,1.42575265218242e-08
54.4909181803032,1.27504241124616e-08
54.657557073821,1.28801191789783e-08
54.8241959673387,1.53273507130573e-08
54.9908348608565,1.55545201062365e-08
55.1574737543742,1.31939512515942e-08
55.324112647892,1.16527666638664e-08
55.4907515414097,1.40753893005024e-08
55.6573904349275,1.08434427274187e-08
55.8240293284452,1.13936510504426e-08
55.990668221963,1.33233582878883e-08
56.1573071154807,1.47404616812939e-08
56.3239460089985,1.54888843975209e-08
56.4905849025162,1.72258394170661e-08
56.6572237960339,1.40346043116848e-08
56.8238626895517,1.03508385848379e-08
56.9905015830694,9.8696497974453e-09
57.1571404765872,1.36656117196983e-08
57.3237793701049,1.66268363734514e-08
57.4904182636227,1.37031809786352e-08
57.6570571571404,1.46419584382341e-08
57.8236960506582,1.35074675095622e-08
57.9903349441759,9.10033773084153e-09
58.1569738376937,1.10996812820591e-08
58.3236127312114,1.10242351578873e-08
58.4902516247292,1.16858975350935e-08
58.6568905182469,1.25732504216228e-08
58.8235294117646,1.08184304731806e-08
58.9901683052824,1.08466747030321e-08
59.1568071988001,1.1057052281268e-08
59.3234460923179,1.0642891077411e-08
59.4900849858356,1.23922764849889e-08
59.6567238793534,1.07923110821813e-08
59.8233627728711,1.41518836927955e-08
59.9900016663889,1.41248270582644e-08
60.1566405599066,1.39138258388663e-08
60.3232794534244,1.56212039185706e-08
60.4899183469421,1.43567965737189e-08
60.6565572404599,1.49311667561651e-08
60.8231961339776,1.31600710629601e-08
60.9898350274954,9.8421436334831e-09
61.1564739210131,8.93105759471289e-09
61.3231128145309,1.0928146862739e-08
61.4897517080486,1.24013472934469e-08
61.6563906015664,1.14954731056663e-08
61.8230294950841,1.08509181349717e-08
61.9896683886018,8.66657653079269e-09
62.1563072821196,9.82698453172568e-09
62.3229461756373,1.06289394469351e-08
62.4895850691551,1.1662107409327e-08
62.6562239626728,9.19761753310186e-09
62.8228628561906,1.0420969259077e-08
62.9895017497083,1.3637526202222e-08
63.1561406432261,1.08347639856612e-08
63.3227795367438,8.241733071038e-09
63.4894184302616,8.07692030827347e-09
63.6560573237793,9.48844124007454e-09
63.8226962172971,1.08519784781651e-08
63.9893351108148,8.78986003657594e-09
64.1559740043325,1.13677768737898e-08
64.3226128978503,1.18213060763819e-08
64.489251791368,1.23866049720959e-08
64.6558906848858,1.47033110045906e-08
64.8225295784035,1.09987007890666e-08
64.9891684719213,1.27981172244851e-08
65.155807365439,9.94991796933894e-09
65.3224462589568,9.69554983322132e-09
65.4890851524745,1.00075676313193e-08
65.6557240459923,1.39969543991374e-08
65.82236293951,1.14218381387938e-08
65.9890018330278,1.15163092830482e-08
66.1556407265455,1.29302663897803e-08
66.3222796200633,1.13700539524923e-08
66.488918513581,1.25444088355957e-08
66.6555574070988,1.34517376285246e-08
66.8221963006165,1.21628616648649e-08
66.9888351941343,1.66508588853686e-08
67.155474087652,1.35718062604578e-08
67.3221129811698,1.07651436025529e-08
67.4887518746875,1.07879073705309e-08
67.6553907682052,1.00143164395972e-08
67.822029661723,1.09542226723176e-08
67.9886685552407,1.07838199010995e-08
68.1553074487585,1.11280984001032e-08
68.3219463422762,1.25488860160488e-08
68.488585235794,1.22387444354507e-08
68.6552241293117,9.66229030456981e-09
68.8218630228295,1.09110093885769e-08
68.9885019163472,1.00145281767111e-08
69.155140809865,1.15390724763486e-08
69.3217797033827,1.0822811122446e-08
69.4884185969004,1.06094310699212e-08
69.6550574904182,1.05254923257912e-08
69.8216963839359,1.33939367321106e-08
69.9883352774537,1.29448239136813e-08
70.1549741709714,1.28765624878531e-08
70.3216130644892,1.30718470293875e-08
70.4882519580069,1.32628597370906e-08
70.6548908515247,1.07680602040007e-08
70.8215297450424,1.10332306208074e-08
70.9881686385602,1.23568173832177e-08
71.1548075320779,1.16644095546754e-08
71.3214464255957,1.0337003757389e-08
71.4880853191134,1.12853906327039e-08
71.6547242126312,1.17247727052603e-08
71.8213631061489,1.2499306771864e-08
71.9880019996667,1.29162153483531e-08
72.1546408931844,1.31369090473673e-08
72.3212797867021,1.39857601781046e-08
72.4879186802199,1.19733794939277e-08
72.6545575737376,1.13158352313034e-08
72.8211964672554,1.33442914978428e-08
72.9878353607731,1.49852441628612e-08
73.1544742542909,1.50955948867801e-08
73.3211131478086,1.36136256895169e-08
73.4877520413264,1.14270984231672e-08
73.6543909348441,1.37260129794415e-08
73.8210298283619,1.28696614659473e-08
73.9876687218796,9.9741194523066e-09
74.1543076153974,1.23314383009524e-08
74.3209465089151,1.32269956290896e-08
74.4875854024329,1.18778782223218e-08
74.6542242959506,9.95434393773886e-09
74.8208631894684,9.1634972141398e-09
74.9875020829861,1.30994296307262e-08
75.1541409765039,1.52633909147353e-08
75.3207798700216,1.30501805800039e-08
75.4874187635393,1.40364352319888e-08
75.6540576570571,1.08160682132295e-08
75.8206965505748,1.00746295896678e-08
75.9873354440926,1.01725937257038e-08
76.1539743376103,1.05539326145045e-08
76.3206132311281,1.09969311047671e-08
76.4872521246458,1.07881055974419e-08
76.6538910181636,1.35358216662089e-08
76.8205299116813,1.2886359557179e-08
76.9871688051991,1.32128628492791e-08
77.1538076987168,1.24643276797467e-08
77.3204465922346,9.26495319681979e-09
77.4870854857523,1.169065333692e-08
77.6537243792701,1.30919666332442e-08
77.8203632727878,1.09153412282366e-08
77.9870021663055,1.31552063764396e-08
78.1536410598233,1.43747926079883e-08
78.320279953341,1.16970064911141e-08
78.4869188468588,1.11757032158673e-08
78.6535577403765,1.33481170497115e-08
78.8201966338943,9.95065368366503e-09
78.986835527412,9.2500862732564e-09
79.1534744209298,9.51160832695374e-09
79.3201133144475,1.44097260267443e-08
79.4867522079653,1.31336555315202e-08
79.653391101483,1.20610989867737e-08
79.8200299950008,1.22526951928008e-08
79.9866688885185,9.61460210023757e-09
80.1533077820363,1.13209247684909e-08
80.319946675554,1.35643418507717e-08
80.4865855690717,1.40062879300561e-08
80.6532244625895,1.34949175467972e-08
80.8198633561072,1.21908302696924e-08
80.986502249625,1.19185591588952e-08
81.1531411431427,1.10263302187539e-08
81.3197800366605,1.22705048544756e-08
81.4864189301782,1.34125015884129e-08
81.653057823696,1.37610402273146e-08
81.8196967172137,1.37357028793651e-08
81.9863356107315,1.07897353412835e-08
82.1529745042492,1.12068889464683e-08
82.319613397767,1.23500765355465e-08
82.4862522912847,1.10139679234354e-08
82.6528911848025,8.10929975601755e-09
82.8195300783202,8.87348954058921e-09
82.986168971838,1.31893782603788e-08
83.1528078653557,1.59211072186335e-08
83.3194467588734,1.48886241192216e-08
83.4860856523912,1.18742637770177e-08
83.6527245459089,1.03025944178316e-08
83.8193634394267,1.08261246132841e-08
83.9860023329444,9.193268952747e-09
84.1526412264622,9.27969171442054e-09
84.3192801199799,9.77617501882526e-09
84.4859190134977,1.08025620909581e-08
84.6525579070154,1.1916552395884e-08
84.8191968005332,1.08459976563919e-08
84.9858356940509,1.20177568155349e-08
85.1524745875687,1.58765938713317e-08
85.3191134810864,1.16943538886297e-08
85.4857523746042,1.1025159681878e-08
85.6523912681219,1.23540372954286e-08
85.8190301616396,8.87698571222823e-09
85.9856690551574,9.7181020459558e-09
86.1523079486751,1.18856646156675e-08
86.3189468421929,1.22841640223588e-08
86.4855857357106,1.14498015594713e-08
86.6522246292284,1.12950706210187e-08
86.8188635227461,1.36681246644455e-08
86.9855024162639,1.25766060469262e-08
87.1521413097816,1.04050608267173e-08
87.3187802032994,1.01834493542306e-08
87.4854190968171,1.21515506521599e-08
87.6520579903349,9.69420157753655e-09
87.8186968838526,1.19649262139625e-08
87.9853357773704,1.31760116879981e-08
88.1519746708881,1.20051348950887e-08
88.3186135644059,9.17700515820365e-09
88.4852524579236,1.2471334734377e-08
88.6518913514413,1.01588691453939e-08
88.8185302449591,8.88452538390858e-09
88.9851691384768,1.00343162143609e-08
89.1518080319946,1.16863232049579e-08
89.3184469255123,1.28485152782978e-08
89.4850858190301,1.00875805017033e-08
89.6517247125478,1.14640479755976e-08
89.8183636060656,1.31418282223323e-08
89.9850024995833,1.34218445949903e-08
90.1516413931011,1.10856528170556e-08
90.3182802866188,1.16639572773293e-08
90.4849191801366,1.37676264034435e-08
90.6515580736543,1.45549852527992e-08
90.8181969671721,1.25040950806769e-08
90.9848358606898,1.09612259109604e-08
91.1514747542076,1.03033336973673e-08
91.3181136477253,1.08752828354811e-08
91.4847525412431,9.54403362529012e-09
91.6513914347608,1.23323908334216e-08
91.8180303282785,1.23484401872971e-08
91.9846692217963,1.11586922920478e-08
92.151308115314,1.13840414632007e-08
92.3179470088318,1.00437768635916e-08
92.4845859023495,9.9603237712442e-09
92.6512247958673,8.55775956715409e-09
92.817863689385,1.02309116918373e-08
92.9845025829028,9.93538489357927e-09
93.1511414764205,9.61820238376142e-09
93.3177803699383,1.04418830245366e-08
93.484419263456,8.44984530588871e-09
93.6510581569738,9.81733843245509e-09
93.8176970504915,1.37496377670852e-08
93.9843359440093,1.27969281660212e-08
94.150974837527,1.04353821915778e-08
94.3176137310447,1.24493638740623e-08
94.4842526245625,1.15785234218951e-08
94.6508915180802,1.01612960025948e-08
94.817530411598,1.06781794127297e-08
94.9841693051157,1.34070637742076e-08
95.1508081986335,1.13057737940218e-08
95.3174470921512,1.09918583275793e-08
95.484085985669,1.49511273595107e-08
95.6507248791867,1.22221219766324e-08
95.8173637727045,1.07692317994933e-08
95.9840026662222,9.69207007898406e-09
96.15064155974,9.43240222719309e-09
96.3172804532577,1.14647519450629e-08
96.4839193467754,1.06176237466347e-08
96.6505582402932,1.35887279842794e-08
96.8171971338109,1.16095765656522e-08
96.9838360273287,1.2676452432401e-08
97.1504749208464,1.17172653102806e-08
97.3171138143642,1.30594246756859e-08
97.4837527078819,1.54141145671931e-08
97.6503916013997,1.20714718521282e-08
97.8170304949174,1.15962110630037e-08
97.9836693884352,1.16810129914176e-08
98.1503082819529,9.54485937960997e-09
98.3169471754707,1.20483036609776e-08
98.4835860689884,1.18045274579479e-08
98.6502249625062,9.80795016787861e-09
98.8168638560239,1.08898326832845e-08
98.9835027495416,1.05522290798919e-08
99.1501416430594,8.9929307583237e-09
99.3167805365771,1.10190661870673e-08
99.4834194300949,1.32635009335893e-08
99.6500583236126,1.17304152942272e-08
99.8166972171304,1.16828663375417e-08
99.9833361106481,1.12514477859807e-08
100.149975004166,1.24701257525869e-08
100.316613897684,9.08779982243077e-09
100.483252791201,9.34963579573206e-09
100.649891684719,1.14424168075425e-08
100.816530578237,9.52405279579684e-09
100.983169471755,1.01571884564831e-08
101.149808365272,1.11585655373095e-08
101.31644725879,1.0409351458092e-08
101.483086152308,1.21254774505894e-08
101.649725045826,1.31414926293931e-08
101.816363939343,1.20012983213274e-08
101.983002832861,9.96721132959237e-09
102.149641726379,1.37483651875509e-08
102.316280619897,1.37322699626506e-08
102.482919513414,1.11317631256396e-08
102.649558406932,1.03393438808186e-08
102.81619730045,1.15956583838507e-08
102.982836193968,1.22223565866132e-08
103.149475087485,1.31561985841959e-08
103.316113981003,1.30716075542556e-08
103.482752874521,1.27466207076946e-08
103.649391768039,1.42689960726998e-08
103.816030661556,1.61799314400505e-08
103.982669555074,1.59594628389267e-08
104.149308448592,1.65312791238847e-08
104.31594734211,1.55735939955646e-08
104.482586235627,1.24266289256783e-08
104.649225129145,1.15299099210514e-08
104.815864022663,1.1293994529747e-08
104.982502916181,1.01928580676469e-08
105.149141809698,1.27495572888858e-08
105.315780703216,1.2941433067595e-08
105.482419596734,1.01960761256542e-08
105.649058490252,1.2163715810479e-08
105.815697383769,1.12738938290772e-08
105.982336277287,1.2106972968046e-08
106.148975170805,1.10143089274571e-08
106.315614064323,1.05697127253189e-08
106.48225295784,1.24843263287519e-08
106.648891851358,1.33217849074178e-08
106.815530744876,1.25906182390704e-08
106.982169638394,9.90786481766805e-09
107.148808531911,1.20775719304648e-08
107.315447425429,1.68588632144539e-08
107.482086318947,1.43070726383787e-08
107.648725212464,1.51714163517796e-08
107.815364105982,1.56191444704946e-08
107.9820029995,1.55315820165685e-08
108.148641893018,1.3668321366424e-08
108.315280786535,1.32368512409533e-08
108.481919680053,1.32611485493418e-08
108.648558573571,1.14341514215891e-08
108.815197467089,1.34183325796118e-08
108.981836360606,1.03639010920341e-08
109.148475254124,1.11491871421909e-08
109.315114147642,1.0143725091735e-08
109.48175304116,1.03734621503249e-08
109.648391934677,1.47810867153375e-08
109.815030828195,1.19609861535681e-08
109.981669721713,1.48234134410363e-08
110.148308615231,1.4663744553852e-08
110.314947508748,1.04512906917381e-08
110.481586402266,9.55954360475477e-09
110.648225295784,1.30330336454191e-08
110.814864189302,1.29340507304054e-08
110.981503082819,1.17021142124037e-08
111.148141976337,1.19299812712431e-08
111.314780869855,9.62134781820881e-09
111.481419763373,7.71986129846571e-09
111.64805865689,9.54466468893986e-09
111.814697550408,9.71667710945016e-09
111.981336443926,1.11074560742973e-08
112.147975337444,1.00969598390504e-08
112.314614230961,1.21557232685448e-08
112.481253124479,1.78080582449064e-08
112.647892017997,1.44767995301675e-08
112.814530911515,1.36417141967385e-08
112.981169805032,8.78672910138208e-09
113.14780869855,1.05964141438121e-08
113.314447592068,1.01267406626838e-08
113.481086485586,1.07755660076845e-08
113.647725379103,1.17996795835891e-08
113.814364272621,9.71298499405464e-09
113.981003166139,9.37002971423926e-09
114.147642059657,1.06542648085668e-08
114.314280953174,1.27652615282756e-08
114.480919846692,1.29864886619293e-08
114.64755874021,1.13332227990075e-08
114.814197633728,1.33959554951556e-08
114.980836527245,1.4098541879211e-08
115.147475420763,1.5773665995023e-08
115.314114314281,1.20114903301553e-08
115.480753207799,7.70378744521468e-09
115.647392101316,1.00854108441284e-08
115.814030994834,1.00254163542934e-08
115.980669888352,9.48486283317844e-09
116.14730878187,1.18199574048088e-08
116.313947675387,1.42353532304618e-08
116.480586568905,1.35032868227703e-08
116.647225462423,1.17014677650733e-08
116.813864355941,1.2393157195713e-08
116.980503249458,1.25757614285004e-08
117.147142142976,1.29952639214087e-08
117.313781036494,1.14494344920371e-08
117.480419930012,1.27773399350576e-08
117.647058823529,1.37010590981598e-08
117.813697717047,1.05332444216443e-08
117.980336610565,1.26362770090553e-08
118.146975504083,1.24231829087157e-08
118.3136143976,1.02724565337419e-08
118.480253291118,1.24322872864294e-08
118.646892184636,1.52542269146478e-08
118.813531078154,1.5769243309159e-08
118.980169971671,1.39534013346142e-08
119.146808865189,9.50644903279173e-09
119.313447758707,9.4022289982168e-09
119.480086652225,8.32699719457686e-09
119.646725545742,9.24002123362648e-09
119.81336443926,8.75217815721855e-09
119.980003332778,9.79013203422595e-09
120.146642226295,1.27452691633486e-08
120.313281119813,1.32914614110004e-08
120.479920013331,1.34572641733795e-08
120.646558906849,1.51517720372004e-08
120.813197800366,1.34565400879017e-08
120.979836693884,1.49062825670729e-08
121.146475587402,1.46410757347106e-08
121.31311448092,1.1205942729279e-08
121.479753374437,1.09431445622169e-08
121.646392267955,1.11478730684967e-08
121.813031161473,1.15939973723944e-08
121.979670054991,1.09597624148325e-08
122.146308948508,1.37405733922206e-08
122.312947842026,1.0622632753503e-08
122.479586735544,9.93398446137909e-09
122.646225629062,1.09443230691247e-08
122.812864522579,1.0605326913618e-08
122.979503416097,1.24679974784787e-08
123.146142309615,1.1821502548158e-08
123.312781203133,9.75939566025241e-09
123.47942009665,1.19359067474026e-08
123.646058990168,1.28732164219272e-08
123.812697883686,1.10412410483902e-08
123.979336777204,1.16560083688939e-08
124.145975670721,1.10394071087722e-08
124.312614564239,1.15617429249843e-08
124.479253457757,1.1311508445462e-08
124.645892351275,1.60444553258837e-08
124.812531244792,1.45257175659325e-08
124.97917013831,9.92853890040174e-09
125.145809031828,9.6962169457122e-09
125.312447925346,9.29207045974598e-09
125.479086818863,1.24498057441802e-08
125.645725712381,1.30979537392179e-08
125.812364605899,1.24288882572617e-08
125.979003499417,1.15458389592433e-08
126.145642392934,1.28634218520306e-08
126.312281286452,1.2893450556841e-08
126.47892017997,1.35729579730734e-08
126.645559073488,1.56446883986119e-08
126.812197967005,1.1918490097625e-08
126.978836860523,1.43925611016457e-08
127.145475754041,1.52428013022306e-08
127.312114647559,1.29199124865537e-08
127.478753541076,1.26278554861835e-08
127.645392434594,1.14591786787409e-08
127.812031328112,1.20064728220311e-08
127.97867022163,1.32102002609462e-08
128.145309115147,1.46326935520785e-08
128.311948008665,1.40316976302765e-08
128.478586902183,1.17621708784811e-08
128.645225795701,1.29482454950559e-08
128.811864689218,1.38185569224034e-08
128.978503582736,1.29193279714896e-08
129.145142476254,1.00294206165753e-08
129.311781369772,1.09620750694382e-08
129.478420263289,1.31232396699136e-08
129.645059156807,1.30087122340607e-08
129.811698050325,1.3725964084589e-08
129.978336943843,1.06886996242675e-08
130.14497583736,1.02515607461083e-08
130.311614730878,1.13995572610349e-08
130.478253624396,1.16202648236243e-08
130.644892517914,1.27937830221657e-08
130.811531411431,1.30767075997643e-08
130.978170304949,1.31312539785704e-08
131.144809198467,1.27729261398807e-08
131.311448091985,1.30229584306332e-08
131.478086985502,1.11028342919215e-08
131.64472587902,1.05554550455504e-08
131.811364772538,1.14733817358784e-08
131.978003666056,1.38020001045822e-08
132.144642559573,1.16997795701735e-08
132.311281453091,1.23357615687249e-08
132.477920346609,1.18593587903689e-08
132.644559240127,1.08776245138834e-08
132.811198133644,1.0839092392423e-08
132.977837027162,1.08666915205675e-08
133.14447592068,1.00881893103119e-08
133.311114814198,8.56597133343038e-09
133.477753707715,1.13135356692885e-08
133.644392601233,1.61474040303762e-08
133.811031494751,1.23101677963809e-08
133.977670388269,1.09462528817456e-08
134.144309281786,1.09003828933681e-08
134.310948175304,9.88695801383703e-09
134.477587068822,1.01390228406562e-08
134.64422596234,8.83975631155594e-09
134.810864855857,9.51754016811355e-09
134.977503749375,1.22657041987967e-08
135.144142642893,1.27762323784763e-08
135.31078153641,1.17764490192002e-08
135.477420429928,1.2199507217037e-08
135.644059323446,9.07448177088715e-09
135.810698216964,1.08835406210174e-08
135.977337110481,1.26773859493361e-08
136.143976003999,1.27172731752821e-08
136.310614897517,1.01664134107646e-08
136.477253791035,9.8189112185281e-09
136.643892684552,1.03547496107284e-08
136.81053157807,1.45563571677384e-08
136.977170471588,1.3280495286054e-08
137.143809365106,1.16227836630687e-08
137.310448258623,1.14209291947594e-08
137.477087152141,1.22341323614776e-08
137.643726045659,1.29602105374926e-08
137.810364939177,1.2344284698438e-08
137.977003832694,1.37098137932132e-08
138.143642726212,1.25439057149849e-08
138.31028161973,1.13056951373237e-08
138.476920513248,1.12881643867025e-08
138.643559406765,9.63554384694836e-09
138.810198300283,1.09115083770533e-08
138.976837193801,1.21140574422262e-08
139.143476087319,1.13252876909141e-08
139.310114980836,1.42856249825984e-08
139.476753874354,1.35164629491277e-08
139.643392767872,1.00151667458892e-08
139.81003166139,8.11404430933046e-09
139.976670554907,8.48822605043168e-09
140.143309448425,9.81142140779581e-09
140.309948341943,1.20798124659133e-08
140.476587235461,1.09354187363092e-08
140.643226128978,1.27513482835193e-08
140.809865022496,1.30985814299969e-08
140.976503916014,1.12210964342774e-08
141.143142809532,1.12115452951608e-08
141.309781703049,1.13582182681773e-08
141.476420596567,1.18557293496144e-08
141.643059490085,1.06356169666103e-08
141.809698383603,1.18236250756666e-08
141.97633727712,1.38253558584429e-08
142.142976170638,1.22737344560224e-08
142.309615064156,1.20753144447174e-08
142.476253957674,1.05573416204476e-08
142.642892851191,9.32147276838347e-09
142.809531744709,1.13476698474889e-08
142.976170638227,1.1361539824424e-08
143.142809531745,1.00095322177753e-08
143.309448425262,1.18910583318633e-08
143.47608731878,1.35418979148572e-08
143.642726212298,1.23367606267414e-08
143.809365105816,1.30360388387161e-08
143.976003999333,1.40416296879507e-08
144.142642892851,1.17079059470936e-08
144.309281786369,1.21845155864343e-08
144.475920679887,1.5687341295418e-08
144.642559573404,1.30912190712133e-08
144.809198466922,1.23588556240976e-08
144.97583736044,1.02705987576358e-08
145.142476253958,1.2563481743849e-08
145.309115147475,1.51284515039798e-08
145.475754040993,1.3747907256808e-08
145.642392934511,1.40893631712078e-08
145.809031828029,1.00387849546934e-08
145.975670721546,9.82047193321114e-09
146.142309615064,1.19711337481405e-08
146.308948508582,1.35244827017361e-08
146.4755874021,1.27626465142894e-08
146.642226295617,1.08597713688477e-08
146.808865189135,1.22025702637432e-08
146.975504082653,1.19422398797224e-08
147.142142976171,1.33321997834196e-08
147.308781869688,1.16880227623129e-08
147.475420763206,1.39966719812651e-08
147.642059656724,1.14641249983492e-08
147.808698550242,1.09731742442017e-08
147.975337443759,1.15250953302103e-08
148.141976337277,1.36696261451276e-08
148.308615230795,1.43416003593407e-08
148.475254124312,1.1897276497037e-08
148.64189301783,1.10059274970865e-08
148.808531911348,1.02085044436504e-08
148.975170804866,1.17634999747504e-08
149.141809698383,1.48895200728422e-08
149.308448591901,1.24362047039517e-08
149.475087485419,8.47666396465718e-09
149.641726378937,1.31632604834094e-08
149.808365272454,1.34313545825702e-08
149.975004165972,9.62878178371664e-09
150.14164305949,1.11017796921503e-08
150.308281953008,1.22891514750525e-08
150.474920846525,1.16588751816427e-08
150.641559740043,1.15653037052552e-08
150.808198633561,1.19944238632168e-08
150.974837527079,1.52526940338033e-08
151.141476420596,1.39371485906916e-08
151.308115314114,1.16435182885545e-08
151.474754207632,1.36260108034845e-08
151.64139310115,1.68882535314655e-08
151.808031994667,1.55414835252919e-08
151.974670888185,1.37316644175444e-08
152.141309781703,1.21862478100987e-08
152.307948675221,1.11737230308724e-08
152.474587568738,1.26262751517348e-08
152.641226462256,1.19825699728981e-08
152.807865355774,1.46068127665087e-08
152.974504249292,1.22063642335844e-08
153.141143142809,1.16293049088765e-08
153.307782036327,9.29859843545491e-09
153.474420929845,9.03601797962319e-09
153.641059823363,1.35631325417828e-08
153.80769871688,1.69913098643496e-08
153.974337610398,1.43101183860081e-08
154.140976503916,1.30172151447919e-08
154.307615397434,1.52178522830167e-08
154.474254290951,1.37862375194087e-08
154.640893184469,1.00137462966033e-08
154.807532077987,9.5806013651276e-09
154.974170971505,1.16932595637801e-08
155.140809865022,1.1786568201858e-08
155.30744875854,1.38046635184558e-08
155.474087652058,8.62035228533993e-09
155.640726545576,9.74042418436796e-09
155.807365439093,1.11435238723933e-08
155.974004332611,9.92482898262132e-09
156.140643226129,9.68772265130423e-09
156.307282119647,1.13203369223604e-08
156.473921013164,1.31776424656767e-08
156.640559906682,1.20806991114464e-08
156.8071988002,9.75392683653276e-09
156.973837693718,9.32246045260876e-09
157.140476587235,1.05069628038162e-08
157.307115480753,1.12355454940455e-08
157.473754374271,1.31610196670006e-08
157.640393267789,1.28579550395108e-08
157.807032161306,1.15084944805406e-08
157.973671054824,1.08879888568849e-08
158.140309948342,1.28235776050228e-08
158.30694884186,1.2777765642762e-08
158.473587735377,1.10475357183341e-08
158.640226628895,1.27298415654239e-08
158.806865522413,1.29955799261074e-08
158.973504415931,1.05270478180817e-08
159.140143309448,1.04631616479416e-08
159.306782202966,1.23641524339131e-08
159.473421096484,1.07870215556412e-08
159.640059990002,1.07281382594669e-08
159.806698883519,1.0667919158356e-08
159.973337777037,1.02807019417267e-08
160.139976670555,1.0449800309425e-08
160.306615564073,9.91056311159377e-09
160.47325445759,1.05510411011856e-08
160.639893351108,1.27258051879913e-08
160.806532244626,1.32302696926799e-08
160.973171138143,1.22470039713613e-08
161.139810031661,1.20419768608292e-08
161.306448925179,1.05302114876784e-08
161.473087818697,1.0063050231672e-08
161.639726712214,1.08174496211052e-08
161.806365605732,1.04569192807724e-08
161.97300449925,9.20235357281767e-09
162.139643392768,1.20618163109142e-08
162.306282286285,1.50288485055581e-08
162.472921179803,1.20719543844591e-08
162.639560073321,1.25901940952694e-08
162.806198966839,8.83793730980745e-09
162.972837860356,1.07353995318791e-08
163.139476753874,1.44467020526663e-08
163.306115647392,1.30975256889095e-08
163.47275454091,1.39779156051953e-08
163.639393434427,1.42008802106556e-08
163.806032327945,1.4020647828135e-08
163.972671221463,1.47143004863514e-08
164.139310114981,1.38582053111287e-08
164.305949008498,1.193527668745e-08
164.472587902016,1.08654586670252e-08
164.639226795534,9.96080161320926e-09
164.805865689052,1.1713252236533e-08
164.972504582569,1.37708238724201e-08
165.139143476087,1.0785038526789e-08
165.305782369605,1.12075949970635e-08
165.472421263123,1.17563886264333e-08
165.63906015664,9.93521733194598e-09
165.805699050158,1.13962820759193e-08
165.972337943676,1.2042907431012e-08
166.138976837194,1.07965701533499e-08
166.305615730711,1.11641109283059e-08
166.472254624229,1.0979421984685e-08
166.638893517747,1.47584330055717e-08
166.805532411265,1.31069353692231e-08
166.972171304782,1.22019194776012e-08
167.1388101983,9.52226423977842e-09
167.305449091818,1.02855958647718e-08
167.472087985336,1.07230456563263e-08
167.638726878853,1.17600912574918e-08
167.805365772371,8.6386496972598e-09
167.972004665889,9.73225200300746e-09
168.138643559407,1.16343969760942e-08
168.305282452924,1.08181035280786e-08
168.471921346442,1.12687143148835e-08
168.63856023996,1.19782186763325e-08
168.805199133478,1.21083537175704e-08
168.971838026995,9.50417464614074e-09
169.138476920513,1.19504948963715e-08
169.305115814031,1.24620978714413e-08
169.471754707549,1.10641311615039e-08
169.638393601066,1.01632176438584e-08
169.805032494584,9.83656601140031e-09
169.971671388102,1.01689219656057e-08
170.13831028162,1.07304591590911e-08
170.304949175137,1.40687359511773e-08
170.471588068655,1.42400022401762e-08
170.638226962173,1.23065135871281e-08
170.804865855691,1.17926018629163e-08
170.971504749208,1.06894725299329e-08
171.138143642726,1.03074191537882e-08
171.304782536244,1.2302447870438e-08
171.471421429762,1.40005174772988e-08
171.638060323279,1.35892457364201e-08
171.804699216797,1.09397846367106e-08
171.971338110315,1.07155719383733e-08
172.137977003833,1.16331213440895e-08
172.30461589735,1.23225286374419e-08
172.471254790868,1.14281937084391e-08
172.637893684386,1.21677895542927e-08
172.804532577904,1.23465212099741e-08
172.971171471421,1.15209362562229e-08
173.137810364939,1.18290447404934e-08
173.304449258457,1.19527462769294e-08
173.471088151975,1.33608702848982e-08
173.637727045492,1.54623259813853e-08
173.80436593901,1.26470406421368e-08
173.971004832528,1.07202534231654e-08
174.137643726045,1.04502279179591e-08
174.304282619563,1.23099075214056e-08
174.470921513081,1.09458007628922e-08
174.637560406599,1.10753828074848e-08
174.804199300116,1.13353554270251e-08
174.970838193634,1.27910769647154e-08
175.137477087152,1.27619522793074e-08
175.30411598067,1.2783191480083e-08
175.470754874187,1.22034167522551e-08
175.637393767705,1.21927111279949e-08
175.804032661223,1.47151473559512e-08
175.970671554741,1.2675718855558e-08
176.137310448258,1.19626519431162e-08
176.303949341776,1.10758193888523e-08
176.470588235294,1.21972068853728e-08
176.637227128812,1.41000304340262e-08
176.803866022329,1.23972423085561e-08
176.970504915847,1.21952442736545e-08
177.137143809365,1.35993301613576e-08
177.303782702883,1.38729593343223e-08
177.4704215964,1.25050465947912e-08
177.637060489918,1.06611322493306e-08
177.803699383436,1.10548905469915e-08
177.970338276954,1.21633564115134e-08
178.136977170471,1.1527390491578e-08
178.303616063989,1.00513272295457e-08
178.470254957507,1.32335779096229e-08
178.636893851025,1.36760252699717e-08
178.803532744542,1.19504962743054e-08
178.97017163806,9.53840230526303e-09
179.136810531578,1.03346754739168e-08
179.303449425096,1.27847812641174e-08
179.470088318613,1.27791759412662e-08
179.636727212131,1.20352593147601e-08
179.803366105649,1.34421706895742e-08
179.970004999167,1.35112441464058e-08
180.136643892684,1.22494335729193e-08
180.303282786202,1.2778124745264e-08
180.46992167972,1.17316214883859e-08
180.636560573238,9.76464956340205e-09
180.803199466755,1.00772075714863e-08
180.969838360273,1.009852303622e-08
181.136477253791,1.07470543013486e-08
181.303116147309,1.08114906360192e-08
181.469755040826,1.05842992606011e-08
181.636393934344,1.24668829244971e-08
181.803032827862,1.08667018243318e-08
181.96967172138,9.04676637522848e-09
182.136310614897,9.21625099606326e-09
182.302949508415,8.8558967096405e-09
182.469588401933,1.06567159212532e-08
182.636227295451,1.23244196496723e-08
182.802866188968,1.07819362851629e-08
182.969505082486,9.67713249312537e-09
183.136143976004,9.04824981314894e-09
183.302782869522,1.01202829888329e-08
183.469421763039,1.13617407854589e-08
183.636060656557,1.33309779646436e-08
183.802699550075,1.29679423026116e-08
183.969338443593,1.03786121240627e-08
184.13597733711,1.31230415941111e-08
184.302616230628,1.29157599940492e-08
184.469255124146,9.9235345389171e-09
184.635894017664,1.14040792358019e-08
184.802532911181,1.40763800519221e-08
184.969171804699,1.26011522379997e-08
185.135810698217,1.32191586311626e-08
185.302449591735,1.30522835204575e-08
185.469088485252,1.37399705698319e-08
185.63572737877,1.10985890494493e-08
185.802366272288,1.0480397113103e-08
185.969005165806,1.16268383352449e-08
186.135644059323,1.30289076209766e-08
186.302282952841,1.3056101276687e-08
186.468921846359,1.09253401430281e-08
186.635560739877,1.03531452981371e-08
186.802199633394,9.98648061611376e-09
186.968838526912,9.91729837839607e-09
187.13547742043,1.21916855006775e-08
187.302116313948,1.00797793894988e-08
187.468755207465,9.0032886874733e-09
187.635394100983,1.28707089380902e-08
187.802032994501,1.30725265017959e-08
187.968671888019,1.3247267871822e-08
188.135310781536,1.29933355789938e-08
188.301949675054,1.02114455427502e-08
188.468588568572,1.37515485379195e-08
188.635227462089,1.2021956354977e-08
188.801866355607,1.2120882110395e-08
188.968505249125,1.21328893197152e-08
189.135144142643,1.28028815955959e-08
189.30178303616,1.05752076874129e-08
189.468421929678,1.04951084500552e-08
189.635060823196,1.35722524052186e-08
189.801699716714,1.35187546666973e-08
189.968338610231,1.35703793912627e-08
190.134977503749,1.69611225083752e-08
190.301616397267,1.66455361668137e-08
190.468255290785,1.0720284408811e-08
190.634894184302,1.00342081164503e-08
190.80153307782,1.066847636435e-08
190.968171971338,1.07567297953726e-08
191.134810864856,1.2755550842706e-08
191.301449758373,1.57515003545545e-08
191.468088651891,1.21736135288356e-08
191.634727545409,9.38290921514298e-09
191.801366438927,1.12387119770129e-08
191.968005332444,1.2937805112296e-08
192.134644225962,1.37614244214801e-08
192.30128311948,1.12726351967321e-08
192.467922012998,1.0377547236355e-08
192.634560906515,1.25403925575136e-08
192.801199800033,1.20586502521668e-08
192.967838693551,1.18051710671813e-08
193.134477587069,1.44985430466224e-08
193.301116480586,1.43524647376392e-08
193.467755374104,1.14122220300585e-08
193.634394267622,1.08715356852783e-08
193.80103316114,1.06400712094932e-08
193.967672054657,8.99093995088982e-09
194.134310948175,1.04926062836982e-08
194.300949841693,1.32326814380204e-08
194.467588735211,1.15290301512212e-08
194.634227628728,1.04855271202289e-08
194.800866522246,1.08859784289474e-08
194.967505415764,1.24821296233059e-08
195.134144309282,1.25367310194055e-08
195.300783202799,1.24190041206439e-08
195.467422096317,1.21254483551582e-08
195.634060989835,1.16299859151376e-08
195.800699883353,9.55142247936442e-09
195.96733877687,9.92617571303287e-09
196.133977670388,1.18667673133296e-08
196.300616563906,1.25530837047385e-08
196.467255457424,1.33931393595813e-08
196.633894350941,1.05168744373289e-08
196.800533244459,1.15723515937921e-08
196.967172137977,1.1701927962548e-08
197.133811031495,1.0681998084045e-08
197.300449925012,1.10838392807627e-08
197.46708881853,1.43430007204012e-08
197.633727712048,9.80905274757098e-09
197.800366605566,7.65478581321677e-09
197.967005499083,7.39055139911617e-09
198.133644392601,1.1005637018318e-08
198.300283286119,1.2319344647945e-08
198.466922179637,1.12334487482338e-08
198.633561073154,1.00822294691695e-08
198.800199966672,1.15517307158757e-08
198.96683886019,9.58736613894564e-09
199.133477753708,9.26526865260406e-09
199.300116647225,9.41427120798215e-09
199.466755540743,8.96959420532398e-09
199.633394434261,1.0354547517236e-08
199.800033327779,1.26193483902787e-08
199.966672221296,1.29219017474494e-08
200.133311114814,1.09612285293456e-08
200.299950008332,1.08442393244104e-08
200.466588901849,1.04599838916251e-08
200.633227795367,9.61081021451376e-09
200.799866688885,9.88703843447382e-09
200.966505582403,1.09338171527852e-08
201.13314447592,1.21338426932436e-08
201.299783369438,1.05079509909188e-08
201.466422262956,9.15687067742259e-09
201.633061156474,1.21880230410932e-08
201.799700049991,1.37747499877017e-08
201.966338943509,1.12888017945447e-08
202.132977837027,9.67823109730898e-09
202.299616730545,1.01312267242795e-08
202.466255624062,9.32542205385464e-09
202.63289451758,1.01218793261672e-08
202.799533411098,1.06211161380975e-08
202.966172304616,1.23230997942089e-08
203.132811198133,1.4588069114033e-08
203.299450091651,1.46072808550257e-08
203.466088985169,1.20551356668764e-08
203.632727878687,1.17817767865147e-08
203.799366772204,1.01720615427508e-08
203.966005665722,1.18797782792832e-08
204.13264455924,9.3097617062442e-09
204.299283452758,9.52659184290945e-09
204.465922346275,1.19808985960399e-08
204.632561239793,1.17016031180938e-08
204.799200133311,1.31844226663622e-08
204.965839026829,1.06716641321546e-08
205.132477920346,8.47780054654197e-09
205.299116813864,1.28080953557262e-08
205.465755707382,1.38865855423153e-08
205.6323946009,1.27505067511414e-08
205.799033494417,1.08213144514069e-08
205.965672387935,1.14815545927259e-08
206.132311281453,1.28889377847291e-08
206.298950174971,1.23456596256909e-08
206.465589068488,1.24171930054287e-08
206.632227962006,1.29423403122969e-08
206.798866855524,1.3282768518747e-08
206.965505749042,1.32692544341193e-08
207.132144642559,1.09046285931636e-08
207.298783536077,1.01908689122073e-08
207.465422429595,1.25783059429411e-08
207.632061323113,1.1148094572869e-08
207.79870021663,1.08241555396225e-08
207.965339110148,1.35152482100816e-08
208.131978003666,1.07969825550895e-08
208.298616897184,9.65147373513868e-09
208.465255790701,1.37100326733491e-08
208.631894684219,1.28152879208306e-08
208.798533577737,9.36118254658193e-09
208.965172471255,6.99469751719564e-09
209.131811364772,8.89429144318365e-09
209.29845025829,1.1046245759737e-08
209.465089151808,1.14273660325636e-08
209.631728045326,1.11176941677079e-08
209.798366938843,1.27819129225781e-08
209.965005832361,1.17112004376514e-08
210.131644725879,9.92124259071331e-09
210.298283619397,9.90537101027087e-09
210.464922512914,1.27101315950023e-08
210.631561406432,1.08009326799437e-08
210.79820029995,1.23802301623258e-08
210.964839193468,1.25309949143256e-08
211.131478086985,1.0307517030422e-08
211.298116980503,1.06650753085527e-08
211.464755874021,1.38191558586084e-08
211.631394767539,1.44177516205301e-08
211.798033661056,1.22327066504414e-08
211.964672554574,1.16819917871133e-08
212.131311448092,9.6053128171e-09
212.29795034161,1.20604820131444e-08
212.464589235127,1.16827762337901e-08
212.631228128645,9.77015803122796e-09
212.797867022163,9.19753757636269e-09
212.964505915681,1.00135482851286e-08
213.131144809198,1.11092994683952e-08
213.297783702716,1.33695334916642e-08
213.464422596234,1.08912308487152e-08
213.631061489752,1.17956156828084e-08
213.797700383269,1.17574068782845e-08
213.964339276787,1.15173892306726e-08
214.130978170305,1.02330203170817e-08
214.297617063823,1.15519410129035e-08
214.46425595734,9.2719264596093e-09
214.630894850858,8.8199623701424e-09
214.797533744376,1.35997577558183e-08
214.964172637893,1.1059756452669e-08
215.130811531411,1.15609372004855e-08
215.297450424929,1.21496231784397e-08
215.464089318447,1.15711440065301e-08
215.630728211964,1.29409449932479e-08
215.797367105482,1.2799164380129e-08
215.964005999,8.55906865899889e-09
216.130644892518,9.73955575692781e-09
216.297283786035,1.11692507363063e-08
216.463922679553,1.22774372820412e-08
216.630561573071,1.21744746648642e-08
216.797200466589,1.07686691160171e-08
216.963839360106,1.19217576360979e-08
217.130478253624,1.29662789816581e-08
217.297117147142,1.21547175583904e-08
217.46375604066,1.19748388770731e-08
217.630394934177,1.36250912728048e-08
217.797033827695,1.39176143566792e-08
217.963672721213,1.22544331081565e-08
218.130311614731,1.46020973335513e-08
218.296950508248,1.59416779891208e-08
218.463589401766,1.18383926242622e-08
218.630228295284,1.31359429915376e-08
218.796867188802,1.31793172767208e-08
218.963506082319,9.63021849643144e-09
219.130144975837,8.88858917483923e-09
219.296783869355,1.1423411356767e-08
219.463422762873,1.2002965020398e-08
219.63006165639,1.6027570475078e-08
219.796700549908,1.35509192600196e-08
219.963339443426,1.07510589263325e-08
220.129978336944,1.09357008172126e-08
220.296617230461,1.2031799571452e-08
220.463256123979,1.10432765140782e-08
220.629895017497,1.18236555997456e-08
220.796533911015,1.25390349727982e-08
220.963172804532,1.10264647607434e-08
221.12981169805,1.42539920431078e-08
221.296450591568,1.50218674153039e-08
221.463089485086,9.97604858567689e-09
221.629728378603,9.63909846482226e-09
221.796367272121,9.70873913920348e-09
221.963006165639,1.01879112363677e-08
222.129645059157,1.17420044709879e-08
222.296283952674,1.09926947964063e-08
222.462922846192,1.26500820218276e-08
222.62956173971,1.24786593508727e-08
222.796200633228,1.44292909955513e-08
222.962839526745,1.38264338393979e-08
223.129478420263,1.1996445899505e-08
223.296117313781,1.24593081972572e-08
223.462756207299,1.19862131768536e-08
223.629395100816,1.1071433865602e-08
223.796033994334,1.14085534748842e-08
223.962672887852,1.20014028359058e-08
224.12931178137,1.04960207454911e-08
224.295950674887,1.30971751516907e-08
224.462589568405,1.24098401481913e-08
224.629228461923,1.25662416944805e-08
224.795867355441,1.55513001527879e-08
224.962506248958,1.27058074320468e-08
225.129145142476,1.04625087241752e-08
225.295784035994,1.33594466537327e-08
225.462422929512,1.45683555895795e-08
225.629061823029,1.2670620679025e-08
225.795700716547,1.17087334325869e-08
225.962339610065,9.89662211409609e-09
226.128978503583,8.87907505652225e-09
226.2956173971,1.08923007080993e-08
226.462256290618,1.07846535111205e-08
226.628895184136,1.33763413200175e-08
226.795534077654,1.15070253222357e-08
226.962172971171,1.19507461870415e-08
227.128811864689,9.55497094481794e-09
227.295450758207,1.28735887696557e-08
227.462089651725,1.26613454605286e-08
227.628728545242,1.5417792936761e-08
227.79536743876,1.20110927895097e-08
227.962006332278,1.01075393943882e-08
228.128645225796,1.52789660878878e-08
228.295284119313,1.66901035044844e-08
228.461923012831,1.28203356225903e-08
228.628561906349,1.15465542048724e-08
228.795200799867,1.14670846954567e-08
228.961839693384,1.17947137730148e-08
229.128478586902,1.0753948313105e-08
229.29511748042,1.00336137117414e-08
229.461756373937,1.03882198846506e-08
229.628395267455,9.53843293274139e-09
229.795034160973,9.35346511142161e-09
229.961673054491,1.02077290580734e-08
230.128311948008,1.25053689917097e-08
230.294950841526,1.03297285652684e-08
230.461589735044,1.00415794918297e-08
230.628228628562,1.10578992181792e-08
230.794867522079,1.1444450521885e-08
230.961506415597,1.24251068905965e-08
231.128145309115,1.25581156435441e-08
231.294784202633,1.00097319331921e-08
231.46142309615,1.56971900598499e-08
231.628061989668,1.28753513964185e-08
231.794700883186,8.77738421379081e-09
231.961339776704,8.01955938055435e-09
232.127978670221,9.67351618958464e-09
232.294617563739,1.41859371790785e-08
232.461256457257,1.60342583085064e-08
232.627895350775,1.44346760057371e-08
232.794534244292,1.21511208200879e-08
232.96117313781,1.20121107177757e-08
233.127812031328,1.30501305082717e-08
233.294450924846,1.02795917261249e-08
233.461089818363,1.09778222873981e-08
233.627728711881,9.99567612399658e-09
233.794367605399,9.88504467532771e-09
233.961006498917,1.06936578718049e-08
234.127645392434,1.07767432569214e-08
234.294284285952,8.09285868821857e-09
234.46092317947,1.1291843167849e-08
234.627562072988,1.18096124107113e-08
234.794200966505,1.13076304439546e-08
234.960839860023,1.35388418126763e-08
235.127478753541,1.37704275391752e-08
235.294117647059,1.40447472214703e-08
235.460756540576,1.33855622143322e-08
235.627395434094,9.95763080648667e-09
235.794034327612,1.38366854654377e-08
235.96067322113,1.55139317585393e-08
236.127312114647,1.10532257977058e-08
236.293951008165,1.049383442937e-08
236.460589901683,9.63718598858228e-09
236.627228795201,1.04784173399073e-08
236.793867688718,1.17568378552669e-08
236.960506582236,1.040860453347e-08
237.127145475754,1.24551571514391e-08
237.293784369272,1.43388272338199e-08
237.460423262789,1.44928399563359e-08
237.627062156307,1.47572198097473e-08
237.793701049825,1.03674707031116e-08
237.960339943343,1.14322355196836e-08
238.12697883686,1.25370136100431e-08
238.293617730378,1.02837873328742e-08
238.460256623896,9.01691872596259e-09
238.626895517414,9.00389185353362e-09
238.793534410931,9.83840523954171e-09
238.960173304449,1.15147503868091e-08
239.126812197967,1.0081378352915e-08
239.293451091485,9.00186775783523e-09
239.460089985002,1.25684175921754e-08
239.62672887852,1.33116818493937e-08
239.793367772038,8.96588253906089e-09
239.960006665556,1.32790154406483e-08
240.126645559073,1.21160271173319e-08
240.293284452591,8.51994334278801e-09
240.459923346109,1.23413624487056e-08
240.626562239627,1.54729389977464e-08
240.793201133144,1.72290037422047e-08
240.959840026662,1.55421950841343e-08
241.12647892018,1.22156899120698e-08
241.293117813697,1.21058424507958e-08
241.459756707215,1.54563305687118e-08
241.626395600733,1.65816929553834e-08
241.793034494251,1.14594528225802e-08
241.959673387768,1.0223126078324e-08
242.126312281286,1.09959522989816e-08
242.292951174804,1.27303890302376e-08
242.459590068322,1.11015723111691e-08
242.626228961839,1.14766474772522e-08
242.792867855357,1.08468135856094e-08
242.959506748875,1.09979019524102e-08
243.126145642393,1.04790243905202e-08
243.29278453591,1.15594686317446e-08
243.459423429428,1.28055428040203e-08
243.626062322946,1.25347100973089e-08
243.792701216464,1.32257774897184e-08
243.959340109981,1.45934181848643e-08
244.125979003499,1.02360249508302e-08
244.292617897017,1.13572909259927e-08
244.459256790535,9.52545319315605e-09
244.625895684052,1.01554962529825e-08
244.79253457757,1.06229880905332e-08
244.959173471088,1.03594432054046e-08
245.125812364606,1.19845436014858e-08
245.292451258123,1.11262313728739e-08
245.459090151641,1.21629311345316e-08
245.625729045159,1.31088363955827e-08
245.792367938677,1.08398039202826e-08
245.959006832194,1.14672789054107e-08
246.125645725712,1.13243153939409e-08
246.29228461923,1.19932862172697e-08
246.458923512748,1.27712458767052e-08
246.625562406265,1.3767114380441e-08
246.792201299783,1.32423193673043e-08
246.958840193301,1.06618301139076e-08
247.125479086819,1.01118563584512e-08
247.292117980336,1.07943228468388e-08
247.458756873854,1.20588688223416e-08
247.625395767372,1.04466326292076e-08
247.79203466089,1.18002565304572e-08
247.958673554407,1.25204837357047e-08
248.125312447925,1.07807334515081e-08
248.291951341443,1.18377567167662e-08
248.458590234961,1.19176580996986e-08
248.625229128478,1.0959945811235e-08
248.791868021996,1.14346145856368e-08
248.958506915514,1.13957743817145e-08
249.125145809032,1.04451137243703e-08
249.291784702549,1.29673244550408e-08
249.458423596067,1.11137631975643e-08
249.625062489585,1.00180534588169e-08
249.791701383103,9.92637621569406e-09
249.95834027662,1.11889437448541e-08
250.124979170138,1.06220925600073e-08
250.291618063656,1.02038909352691e-08
250.458256957174,1.19642071479199e-08
250.624895850691,1.24058577734668e-08
250.791534744209,1.29615023017259e-08
250.958173637727,1.06746005597846e-08
251.124812531245,1.25229692042693e-08
251.291451424762,1.17348348019121e-08
251.45809031828,1.4830808930047e-08
251.624729211798,1.51200769683633e-08
251.791368105316,1.26993778704811e-08
251.958006998833,1.00086414145194e-08
252.124645892351,1.14662393140791e-08
252.291284785869,1.2932570697852e-08
252.457923679387,1.40261416258254e-08
252.624562572904,1.17450803633809e-08
252.791201466422,8.55916243590642e-09
252.95784035994,1.13803601818795e-08
253.124479253458,1.32775531500635e-08
253.291118146975,1.10372515930082e-08
253.457757040493,1.20213259057067e-08
253.624395934011,1.18456413878035e-08
253.791034827529,1.07065606980537e-08
253.957673721046,1.12971459217576e-08
254.124312614564,9.57577562592006e-09
254.290951508082,1.17933461280571e-08
254.4575904016,1.08889742701405e-08
254.624229295117,9.56075654967411e-09
254.790868188635,1.12823278228018e-08
254.957507082153,1.05044604679747e-08
255.124145975671,1.09027010086788e-08
255.290784869188,1.04429224615646e-08
255.457423762706,1.20568451353828e-08
255.624062656224,1.24326623391871e-08
255.790701549741,1.20446014553423e-08
255.957340443259,1.38023328901308e-08
256.123979336777,1.31378699074625e-08
256.290618230295,1.02690894265551e-08
256.457257123812,1.22018752511798e-08
256.62389601733,1.56735711508789e-08
256.790534910848,1.42047430120321e-08
256.957173804366,1.2003633133553e-08
257.123812697883,8.13973733589236e-09
257.290451591401,8.33159120772619e-09
257.457090484919,1.2130752214673e-08
257.623729378437,1.1789282185972e-08
257.790368271954,9.36836253070564e-09
257.957007165472,1.15448357190115e-08
258.12364605899,1.30718099483964e-08
258.290284952508,1.25306746079607e-08
258.456923846025,1.11835430676787e-08
258.623562739543,1.10361300501155e-08
258.790201633061,8.23606250649782e-09
258.956840526579,8.65215463517427e-09
259.123479420096,1.12057694351525e-08
259.290118313614,1.25092600066314e-08
259.456757207132,1.14997456652069e-08
259.62339610065,9.6545940510687e-09
259.790034994167,1.21690010351305e-08
259.956673887685,1.04383454208059e-08
260.123312781203,1.05891815389863e-08
260.289951674721,1.26708249531974e-08
260.456590568238,1.43003913134558e-08
260.623229461756,1.3617101863585e-08
260.789868355274,1.03926901380089e-08
260.956507248792,1.15468796659366e-08
261.123146142309,1.2581749331169e-08
261.289785035827,1.39401335500323e-08
261.456423929345,1.37237335282267e-08
261.623062822863,1.2782440850453e-08
261.78970171638,9.99128857239908e-09
261.956340609898,1.27550784508919e-08
262.122979503416,1.29613140212888e-08
262.289618396934,9.81170889942147e-09
262.456257290451,1.16185821970175e-08
262.622896183969,1.03642370003875e-08
262.789535077487,1.10557806831832e-08
262.956173971005,1.1219217035965e-08
263.122812864522,1.17086939919256e-08
263.28945175804,1.26978853698404e-08
263.456090651558,1.46652851259227e-08
263.622729545076,1.26652713382371e-08
263.789368438593,1.13696823823545e-08
263.956007332111,1.48779605941378e-08
264.122646225629,1.24778076344584e-08
264.289285119147,9.74208847437805e-09
264.455924012664,1.42683873272578e-08
264.622562906182,1.70366895952187e-08
264.7892017997,1.58677609939328e-08
264.955840693218,1.14130902428096e-08
265.122479586735,9.72520868977878e-09
265.289118480253,8.81113245493717e-09
265.455757373771,8.28890096387548e-09
265.622396267289,1.15892018489705e-08
265.789035160806,1.19229715144836e-08
265.955674054324,1.12846415947183e-08
266.122312947842,1.23336734314728e-08
266.28895184136,1.24655804438877e-08
266.455590734877,1.02277455861536e-08
266.622229628395,1.26945502574206e-08
266.788868521913,1.13519390703831e-08
266.955507415431,1.00772480587824e-08
267.122146308948,1.13504385910205e-08
267.288785202466,8.96711640274217e-09
267.455424095984,9.18665893284433e-09
267.622062989502,1.12672045873494e-08
267.788701883019,1.2131859784309e-08
267.955340776537,1.03782920520576e-08
268.121979670055,9.84281145227691e-09
268.288618563573,1.07704768666076e-08
268.45525745709,1.11826298733195e-08
268.621896350608,1.36785158724276e-08
268.788535244126,1.3103553910728e-08
268.955174137643,8.33327504608015e-09
269.121813031161,1.07919959915424e-08
269.288451924679,1.03596258393037e-08
269.455090818197,9.20841004763754e-09
269.621729711714,1.08874894314409e-08
269.788368605232,1.33306226518651e-08
269.95500749875,1.17315337197453e-08
270.121646392268,9.97592185200272e-09
270.288285285785,1.04418446863611e-08
270.454924179303,1.07046949587681e-08
270.621563072821,1.37040104659351e-08
270.788201966339,1.24980751074715e-08
270.954840859856,1.13485251444335e-08
271.121479753374,1.26190127299802e-08
271.288118646892,1.16535060500616e-08
271.45475754041,1.22421554972379e-08
271.621396433927,1.15608593200715e-08
271.788035327445,1.06353480322787e-08
271.954674220963,1.03860753377566e-08
272.121313114481,1.37870912563621e-08
272.287952007998,1.21683364374046e-08
272.454590901516,1.33494803099879e-08
272.621229795034,1.20507988379091e-08
272.787868688552,9.68869260010485e-09
272.954507582069,1.01197839737981e-08
273.121146475587,1.13483684470811e-08
273.287785369105,1.15675611652075e-08
273.454424262623,1.22993541237277e-08
273.62106315614,1.11172510209432e-08
273.787702049658,9.37984899449702e-09
273.954340943176,1.0566496144091e-08
274.120979836694,1.26759194753478e-08
274.287618730211,1.056853621536e-08
274.454257623729,1.20837217119213e-08
274.620896517247,1.53004119222328e-08
274.787535410765,1.41875890033606e-08
274.954174304282,1.62752142285895e-08
275.1208131978,1.07114396535218e-08
275.287452091318,9.58170130913023e-09
275.454090984836,1.14779408986935e-08
275.620729878353,1.22744550152456e-08
275.787368771871,1.02829978436678e-08
275.954007665389,1.01423432603242e-08
276.120646558907,1.17642730931548e-08
276.287285452424,1.30832724788402e-08
276.453924345942,1.31792494093394e-08
276.62056323946,8.98171097997946e-09
276.787202132978,1.11233187463858e-08
276.953841026495,1.32407278350602e-08
277.120479920013,1.01039119704579e-08
277.287118813531,8.69126440322701e-09
277.453757707049,1.02701868134219e-08
277.620396600566,1.34344974237366e-08
277.787035494084,1.39312522517458e-08
277.953674387602,1.22052471326443e-08
278.12031328112,1.3235600581927e-08
278.286952174637,1.472379815123e-08
278.453591068155,1.4099754350983e-08
278.620229961673,1.20412476163439e-08
278.786868855191,1.0237755868743e-08
278.953507748708,9.75007849807822e-09
279.120146642226,9.27369634091285e-09
279.286785535744,9.67889633488253e-09
279.453424429262,9.84555979286472e-09
279.620063322779,1.41542158273305e-08
279.786702216297,1.42682850575549e-08
279.953341109815,1.17181572953602e-08
280.119980003333,1.26771071172681e-08
280.28661889685,1.30529023517471e-08
280.453257790368,1.21422381192339e-08
280.619896683886,8.58651330685994e-09
280.786535577403,1.15780330390777e-08
280.953174470921,1.47017099060408e-08
281.119813364439,1.00974407165843e-08
281.286452257957,8.25830083601608e-09
281.453091151474,9.90827261037825e-09
281.619730044992,8.98809545993171e-09
281.78636893851,9.37920069647543e-09
281.953007832028,9.00248939415882e-09
282.119646725545,1.05837045668152e-08
282.286285619063,1.13214304294732e-08
282.452924512581,9.75452858091989e-09
282.619563406099,1.09917960726395e-08
282.786202299616,1.10870109741944e-08
282.952841193134,9.69697672927347e-09
283.119480086652,1.18734220839974e-08
283.28611898017,1.2839751781422e-08
283.452757873687,1.31686441439244e-08
283.619396767205,1.05546226260222e-08
283.786035660723,7.65407781279229e-09
283.952674554241,9.02852680225269e-09
284.119313447758,9.55797217107349e-09
284.285952341276,1.15807259529252e-08
284.452591234794,1.24702243977095e-08
284.619230128312,9.50219934785848e-09
284.785869021829,1.10454985322878e-08
284.952507915347,1.13918512414408e-08
285.119146808865,1.05316680550056e-08
285.285785702383,9.58378491420708e-09
285.4524245959,8.46759939951239e-09
285.619063489418,1.06263873632296e-08
285.785702382936,1.20223830147728e-08
285.952341276454,1.40022910840692e-08
286.118980169971,1.22279875588522e-08
286.285619063489,1.37064109117524e-08
286.452257957007,1.18946572828131e-08
286.618896850525,1.00626483594393e-08
286.785535744042,1.21981837120318e-08
286.95217463756,1.13645414191615e-08
287.118813531078,1.11607006932212e-08
287.285452424596,1.12644461584279e-08
287.452091318113,1.47068274190062e-08
287.618730211631,1.20717547386279e-08
287.785369105149,1.12834711853169e-08
287.952007998667,1.15763580779634e-08
288.118646892184,1.04494446926478e-08
288.285285785702,1.15221706829427e-08
288.45192467922,1.44733459627658e-08
288.618563572738,9.84267860077708e-09
288.785202466255,1.11871064322195e-08
288.951841359773,1.14216620750211e-08
289.118480253291,1.00125589297357e-08
289.285119146809,1.14672576901574e-08
289.451758040326,9.44625418020858e-09
289.618396933844,9.69408790075734e-09
289.785035827362,1.07260613391131e-08
289.95167472088,9.27972960977292e-09
290.118313614397,1.05140230381453e-08
290.284952507915,1.27881329940555e-08
290.451591401433,9.09297218519813e-09
290.618230294951,1.21623954835556e-08
290.784869188468,1.12481691645795e-08
290.951508081986,9.27465267095247e-09
291.118146975504,1.28103001581971e-08
291.284785869022,1.35555718852592e-08
291.451424762539,9.59737185052889e-09
291.618063656057,1.01468578275698e-08
291.784702549575,9.01711056320816e-09
291.951341443093,1.17485068660129e-08
292.11798033661,1.20024809179315e-08
292.284619230128,1.14371756323473e-08
292.451258123646,8.76868247683674e-09
292.617897017164,1.02583791233889e-08
292.784535910681,1.22955649885192e-08
292.951174804199,1.1761229509324e-08
293.117813697717,1.12905711967501e-08
293.284452591235,1.15311625831603e-08
293.451091484752,1.0831469194554e-08
293.61773037827,9.552314078492e-09
293.784369271788,9.18817020079928e-09
293.951008165305,1.16097971075699e-08
294.117647058823,9.87382244390218e-09
294.284285952341,1.12758070959682e-08
294.450924845859,1.3209452642196e-08
294.617563739377,1.06134349131372e-08
294.784202632894,1.19942056571744e-08
294.950841526412,1.47658685357942e-08
295.11748041993,9.93293445487487e-09
295.284119313447,8.76998826295138e-09
295.450758206965,1.00253158855424e-08
295.617397100483,1.09508480572751e-08
295.784035994001,1.02476605779848e-08
295.950674887518,7.35754537095762e-09
296.117313781036,1.03347307309144e-08
296.283952674554,1.21430408910549e-08
296.450591568072,1.23324293407655e-08
296.617230461589,1.1604360575412e-08
296.783869355107,1.50443697282804e-08
296.950508248625,1.36174135971475e-08
297.117147142143,1.43621129498531e-08
297.28378603566,1.24044675390739e-08
297.450424929178,1.1166356659976e-08
297.617063822696,8.92668025328426e-09
297.783702716214,1.16511839693225e-08
297.950341609731,1.15069675980904e-08
298.116980503249,1.15733868638115e-08
298.283619396767,1.13308625224141e-08
298.450258290285,9.982667523877e-09
298.616897183802,1.2423288298485e-08
298.78353607732,1.26370114639413e-08
298.950174970838,1.23433040150844e-08
299.116813864356,1.01927519872716e-08
299.283452757873,1.21647407844338e-08
299.450091651391,9.41933770560196e-09
299.616730544909,8.69815407107987e-09
299.783369438427,1.01249873000851e-08
299.950008331944,1.29816100640689e-08
300.116647225462,1.18780691143202e-08
300.28328611898,1.23630629153514e-08
300.449925012498,1.390808754391e-08
300.616563906015,1.2322151561325e-08
300.783202799533,9.21644868792925e-09
300.949841693051,9.39932030892445e-09
301.116480586569,1.30867943680139e-08
301.283119480086,1.2336429441667e-08
301.449758373604,1.13511830543267e-08
301.616397267122,1.16045972845742e-08
301.78303616064,9.81655688188285e-09
301.949675054157,1.3129248420991e-08
302.116313947675,1.23218003704687e-08
302.282952841193,8.37034410916545e-09
302.449591734711,1.03735918387198e-08
302.616230628228,1.09022040052992e-08
302.782869521746,1.13548506584529e-08
302.949508415264,1.25994689465475e-08
303.116147308782,1.21961343259142e-08
303.282786202299,1.14923852631611e-08
303.449425095817,1.12038803358299e-08
303.616063989335,9.55773655522294e-09
303.782702882853,1.05283210410558e-08
303.94934177637,1.09997443833368e-08
304.115980669888,1.05536505807551e-08
304.282619563406,1.04117474669467e-08
304.449258456924,1.14061924383229e-08
304.615897350441,1.07259976525341e-08
304.782536243959,9.72696976466426e-09
304.949175137477,1.22389222568595e-08
305.115814030995,1.32111960064978e-08
305.282452924512,1.10163741760727e-08
305.44909181803,1.32714356866325e-08
305.615730711548,1.62871861360437e-08
305.782369605066,1.15674458369156e-08
305.949008498583,1.06695942503012e-08
306.115647392101,1.12678803011887e-08
306.282286285619,1.31234891421469e-08
306.448925179137,1.09227485113488e-08
306.615564072654,9.06727533268891e-09
306.782202966172,9.84440129427162e-09
306.94884185969,1.17692375705267e-08
307.115480753208,1.21194017051115e-08
307.282119646725,1.12095928386714e-08
307.448758540243,1.05009036543671e-08
307.615397433761,1.48931942587969e-08
307.782036327278,1.40437214135866e-08
307.948675220796,1.06806682781896e-08
308.115314114314,9.46876884368377e-09
308.281953007832,1.22726879750062e-08
308.44859190135,1.1975600362675e-08
308.615230794867,1.15555841586252e-08
308.781869688385,1.15412117584367e-08
308.948508581903,1.1287763127434e-08
309.11514747542,1.02126005998858e-08
309.281786368938,1.08906362279919e-08
309.448425262456,9.85512999453399e-09
309.615064155974,1.04723941458828e-08
309.781703049491,1.10696917876479e-08
309.948341943009,1.20563985757041e-08
310.114980836527,1.40974959321162e-08
310.281619730045,1.39524296495497e-08
310.448258623562,1.10682957457743e-08
310.61489751708,1.04774059461148e-08
310.781536410598,1.14922718418813e-08
310.948175304116,1.18910613400242e-08
311.114814197633,1.11940797767493e-08
311.281453091151,1.21292815103103e-08
311.448091984669,1.2973077576213e-08
311.614730878187,1.10248305725397e-08
311.781369771704,9.91718395283802e-09
311.948008665222,1.03792711451854e-08
312.11464755874,1.21020767519615e-08
312.281286452258,9.5989936970783e-09
312.447925345775,1.18297784995746e-08
312.614564239293,1.24419964373884e-08
312.781203132811,1.07835102107693e-08
312.947842026329,1.06155118253301e-08
313.114480919846,7.8327793457371e-09
313.281119813364,1.00876701322818e-08
313.447758706882,1.14903183744612e-08
313.6143976004,1.00257014902751e-08
313.781036493917,1.01780592233416e-08
313.947675387435,1.25221647544992e-08
314.114314280953,1.04605016921172e-08
314.280953174471,1.06746286971061e-08
314.447592067988,1.23365413186028e-08
314.614230961506,1.13101021419349e-08
314.780869855024,9.30466598492364e-09
314.947508748542,1.07718960041142e-08
315.114147642059,1.40486833526755e-08
315.280786535577,1.13600821756656e-08
315.447425429095,1.13847976049242e-08
315.614064322613,1.12138671940375e-08
315.78070321613,1.03214329085517e-08
315.947342109648,1.26054626041681e-08
316.113981003166,1.36510494279157e-08
316.280619896684,1.47985605737244e-08
316.447258790201,1.23315697415209e-08
316.613897683719,9.62384684741936e-09
316.780536577237,1.0553364067007e-08
316.947175470755,1.32824510940521e-08
317.113814364272,1.02797107932465e-08
317.28045325779,8.62219641402819e-09
317.447092151308,1.00795360015357e-08
317.613731044826,1.30198475492717e-08
317.780369938343,1.09783936178508e-08
317.947008831861,1.22167974322487e-08
318.113647725379,1.26948254287348e-08
318.280286618897,1.46574135420594e-08
318.446925512414,1.17369450240488e-08
318.613564405932,7.98596306680916e-09
318.78020329945,6.96812907928672e-09
318.946842192968,9.20425908371905e-09
319.113481086485,1.16194083185993e-08
319.280119980003,1.26883742689678e-08
319.446758873521,1.1593343450242e-08
319.613397767039,1.04766608863023e-08
319.780036660556,9.77546959064476e-09
319.946675554074,1.03469724735482e-08
320.113314447592,1.33784629211574e-08
320.279953341109,1.35058846083972e-08
320.446592234627,1.25881643010823e-08
320.613231128145,9.61745677307901e-09
320.779870021663,8.4720776491775e-09
320.946508915181,1.1409890990735e-08
321.113147808698,1.13377416524483e-08
321.279786702216,9.48600621424087e-09
321.446425595734,1.15836866988535e-08
321.613064489251,1.29992404114631e-08
321.779703382769,7.47033580840028e-09
321.946342276287,9.16720527594802e-09
322.112981169805,9.43884321440021e-09
322.279620063322,9.84680889482371e-09
322.44625895684,1.28188847505684e-08
322.612897850358,1.27723437439398e-08
322.779536743876,8.49760316038357e-09
322.946175637393,6.68043820386994e-09
323.112814530911,9.3436904594675e-09
323.279453424429,1.22436682371046e-08
323.446092317947,1.29320169865031e-08
323.612731211464,1.17816698455141e-08
323.779370104982,1.1726399192481e-08
323.9460089985,9.36489591219863e-09
324.112647892018,1.02819193848972e-08
324.279286785535,1.35664573786873e-08
324.445925679053,1.41506704831465e-08
324.612564572571,9.9387431920799e-09
324.779203466089,1.03438617239053e-08
324.945842359606,1.01295276096908e-08
325.112481253124,9.73079342325247e-09
325.279120146642,1.14384792156463e-08
325.44575904016,1.44761401611461e-08
325.612397933677,1.39634440619747e-08
325.779036827195,1.03233469965851e-08
325.945675720713,9.02174658956503e-09
326.112314614231,1.33031020286078e-08
326.278953507748,1.42891746243554e-08
326.445592401266,1.18333787591458e-08
326.612231294784,9.9098800969049e-09
326.778870188302,1.08457037635384e-08
326.945509081819,9.06103544162973e-09
327.112147975337,6.98313049915774e-09
327.278786868855,9.00568996698236e-09
327.445425762373,9.26619457842028e-09
327.61206465589,8.22031775672383e-09
327.778703549408,6.59149671387994e-09
327.945342442926,1.13433653012303e-08
328.111981336444,1.08290676612703e-08
328.278620229961,9.85252229451543e-09
328.445259123479,1.15004221455112e-08
328.611898016997,1.43418438664504e-08
328.778536910515,1.1846225579758e-08
328.945175804032,1.01643279809164e-08
329.11181469755,1.18383505453067e-08
329.278453591068,1.13170612218467e-08
329.445092484586,1.04545355203427e-08
329.611731378103,1.18181173111731e-08
329.778370271621,1.38187278222168e-08
329.945009165139,1.20319669181602e-08
330.111648058657,1.03417861519296e-08
330.278286952174,1.34608942062845e-08
330.444925845692,1.18119068708559e-08
330.61156473921,8.2609402307483e-09
330.778203632728,9.95081577998332e-09
330.944842526245,1.19690155910878e-08
331.111481419763,1.03356036296225e-08
331.278120313281,9.4881688607006e-09
331.444759206799,1.01242990103571e-08
331.611398100316,1.00052294030792e-08
331.778036993834,9.76624300145323e-09
331.944675887352,1.10603812454745e-08
332.11131478087,1.04305038885641e-08
332.277953674387,1.02138569841978e-08
332.444592567905,9.83719708234118e-09
332.611231461423,8.2500991321548e-09
332.777870354941,1.13176525399568e-08
332.944509248458,1.29135826255504e-08
333.111148141976,1.5424035080043e-08
333.277787035494,1.42003968241751e-08
333.444425929012,1.23279500353608e-08
333.611064822529,1.36431005900353e-08
333.777703716047,1.59158009396572e-08
333.944342609565,1.39467800131622e-08
334.110981503082,1.338223196481e-08
334.2776203966,1.28097087719019e-08
334.444259290118,1.02111413552491e-08
334.610898183636,1.18268356187528e-08
334.777537077154,1.14927031984852e-08
334.944175970671,1.34027463612285e-08
335.110814864189,1.05255106721872e-08
335.277453757707,9.40692739354556e-09
335.444092651224,1.34317804965507e-08
335.610731544742,1.31868958316982e-08
335.77737043826,1.2659966102844e-08
335.944009331778,1.34123780883353e-08
336.110648225295,1.14096818390834e-08
336.277287118813,8.59562012769452e-09
336.443926012331,1.05893093481354e-08
336.610564905849,1.27209914781801e-08
336.777203799366,1.55559596220364e-08
336.943842692884,9.78360669458424e-09
337.110481586402,1.11831091066624e-08
337.27712047992,1.28755318283653e-08
337.443759373437,8.29519739895405e-09
337.610398266955,1.25270782739962e-08
337.777037160473,1.27977530921048e-08
337.943676053991,1.17681292911743e-08
338.110314947508,1.04554928114485e-08
338.276953841026,8.60378779834246e-09
338.443592734544,9.75517980459957e-09
338.610231628062,1.01458891326862e-08
338.776870521579,8.87122854416452e-09
338.943509415097,9.535888818005e-09
339.110148308615,1.20404314157968e-08
339.276787202133,1.2813691800111e-08
339.44342609565,1.53156553224575e-08
339.610064989168,1.11961699132748e-08
339.776703882686,1.23327791428323e-08
339.943342776204,1.08658449184428e-08
340.109981669721,9.93798076407001e-09
340.276620563239,1.07300534966077e-08
340.443259456757,1.30181699701955e-08
340.609898350275,1.13041853586386e-08
340.776537243792,1.0934223182511e-08
340.94317613731,1.41376937121818e-08
341.109815030828,1.38669833119316e-08
341.276453924346,1.17191478207602e-08
341.443092817863,1.42432552719584e-08
341.609731711381,1.56922210397004e-08
341.776370604899,1.45729603183566e-08
341.943009498417,1.2044999153747e-08
342.109648391934,1.14204010415195e-08
342.276287285452,1.23037468621847e-08
342.44292617897,1.03038258174989e-08
342.609565072488,1.23234127791018e-08
342.776203966005,1.29365236335372e-08
342.942842859523,9.23646630402405e-09
343.109481753041,8.90379029674532e-09
343.276120646559,1.08684100712452e-08
343.442759540076,1.18301222104726e-08
343.609398433594,1.07898598033552e-08
343.776037327112,9.81120325146184e-09
343.94267622063,1.10261287008536e-08
344.109315114147,1.09453267801167e-08
344.275954007665,9.25623255798716e-09
344.442592901183,1.2313931151311e-08
344.609231794701,1.24815999709036e-08
344.775870688218,1.02585696993281e-08
344.942509581736,1.13336946790602e-08
345.109148475254,1.2618664358681e-08
345.275787368772,1.52888740564571e-08
345.442426262289,1.43666729045251e-08
345.609065155807,1.02438017115447e-08
345.775704049325,9.97669345233288e-09
345.942342942843,1.09869290623992e-08
346.10898183636,1.03679483429992e-08
346.275620729878,9.51829564740003e-09
346.442259623396,9.99849974131599e-09
346.608898516914,1.30644798743008e-08
346.775537410431,1.28628646896742e-08
346.942176303949,9.25377690760664e-09
347.108815197467,8.42995955768288e-09
347.275454090985,1.10213174154906e-08
347.442092984502,1.15736637515537e-08
347.60873187802,1.0712882682253e-08
347.775370771538,1.09515287420903e-08
347.942009665056,1.4704269449006e-08
348.108648558573,1.58375181899733e-08
348.275287452091,1.29375170724286e-08
348.441926345609,1.26723474422729e-08
348.608565239127,1.30597202556637e-08
348.775204132644,1.36544248805161e-08
348.941843026162,1.24096313320098e-08
349.10848191968,9.21031209787334e-09
349.275120813197,9.54138407638939e-09
349.441759706715,1.35099421264545e-08
349.608398600233,1.13823329168e-08
349.775037493751,1.11369172495939e-08
349.941676387269,1.24477729479432e-08
350.108315280786,1.07540541261286e-08
350.274954174304,8.13915434459175e-09
350.441593067822,9.58448162081782e-09
350.608231961339,1.21856377588156e-08
350.774870854857,1.03161700578793e-08
350.941509748375,1.09815599900674e-08
351.108148641893,1.23890963080521e-08
351.27478753541,1.437128651349e-08
351.441426428928,1.18795222868859e-08
351.608065322446,9.86980282004757e-09
351.774704215964,9.91172180510003e-09
351.941343109481,1.02503317039011e-08
352.107982002999,1.29394770392412e-08
352.274620896517,1.38881292588954e-08
352.441259790035,1.51899185400475e-08
352.607898683552,1.34025303566324e-08
352.77453757707,1.08923264873107e-08
352.941176470588,9.21833493973682e-09
353.107815364106,1.07699057703149e-08
353.274454257623,1.19188364840401e-08
353.441093151141,1.05795431064247e-08
353.607732044659,1.1353024766119e-08
353.774370938177,1.05908054019482e-08
353.941009831694,1.06139557319233e-08
354.107648725212,1.13625139181843e-08
354.27428761873,1.09060889923042e-08
354.440926512248,1.20500639466793e-08
354.607565405765,1.20643496230022e-08
354.774204299283,1.30764595394491e-08
354.940843192801,1.10143827397749e-08
355.107482086319,1.01842240366172e-08
355.274120979836,1.05338442961221e-08
355.440759873354,1.14181612391537e-08
355.607398766872,1.05141511119656e-08
355.77403766039,9.66758000126591e-09
355.940676553907,9.2791682076532e-09
356.107315447425,9.79867373073085e-09
356.273954340943,1.22128211735944e-08
356.440593234461,1.18342459189958e-08
356.607232127978,1.26511913517e-08
356.773871021496,1.12409743551221e-08
356.940509915014,9.96792898798854e-09
357.107148808532,1.07656298926558e-08
357.273787702049,1.15611820176739e-08
357.440426595567,1.15984428616417e-08
357.607065489085,1.39780672108104e-08
357.773704382603,1.1887741759181e-08
357.94034327612,9.83259948614114e-09
358.106982169638,1.0075889580885e-08
358.273621063156,1.00608312904507e-08
358.440259956674,1.1010409894218e-08
358.606898850191,1.14644562735106e-08
358.773537743709,1.23982941083993e-08
358.940176637227,1.31533639035816e-08
359.106815530745,1.22104929134301e-08
359.273454424262,1.00099857436549e-08
359.44009331778,1.08055127155795e-08
359.606732211298,1.28628802957655e-08
359.773371104816,1.32823936784375e-08
359.940009998333,1.28467383098188e-08
360.106648891851,1.28761338726244e-08
360.273287785369,1.16093318350359e-08
360.439926678887,1.01390130135934e-08
360.606565572404,1.00764972779482e-08
360.773204465922,8.11484805986628e-09
360.93984335944,1.1364641752153e-08
361.106482252958,9.25691323218469e-09
361.273121146475,1.0141472139374e-08
361.439760039993,9.14026175029444e-09
361.606398933511,1.17412172660107e-08
361.773037827029,1.05370433325787e-08
361.939676720546,1.11736314437595e-08
362.106315614064,1.13803259678575e-08
362.272954507582,1.27007315802848e-08
362.4395934011,1.21155660453112e-08
362.606232294617,1.50091152382563e-08
362.772871188135,1.48969884899569e-08
362.939510081653,1.35199068505775e-08
363.10614897517,1.10710377948071e-08
363.272787868688,1.06673699565355e-08
363.439426762206,1.15930585072934e-08
363.606065655724,1.10972364098875e-08
363.772704549241,8.18925370639545e-09
363.939343442759,1.07015690610772e-08
364.105982336277,9.5613811626606e-09
364.272621229795,1.24162404747408e-08
364.439260123312,1.42314212086211e-08
364.60589901683,1.27173686207546e-08
364.772537910348,9.33910914737286e-09
364.939176803866,1.35054152440703e-08
365.105815697383,1.39799339584197e-08
365.272454590901,1.31796943340042e-08
365.439093484419,1.15659628674278e-08
365.605732377937,1.16360287763216e-08
365.772371271454,1.39264672176553e-08
365.939010164972,1.52165347099879e-08
366.10564905849,1.24756748669188e-08
366.272287952008,1.04645541604469e-08
366.438926845525,9.26642143082436e-09
366.605565739043,8.18162775798007e-09
366.772204632561,7.89792168288095e-09
366.938843526079,1.07554339668686e-08
367.105482419596,1.1334604828783e-08
367.272121313114,1.04744953506077e-08
367.438760206632,1.11011506546114e-08
367.60539910015,1.21384080864475e-08
367.772037993667,1.42525903464946e-08
367.938676887185,1.55086295498013e-08
368.105315780703,1.45413647643565e-08
368.271954674221,1.20388836992402e-08
368.438593567738,1.2030124332926e-08
368.605232461256,1.29056871901744e-08
368.771871354774,9.87144881560016e-09
368.938510248292,1.24396803361591e-08
369.105149141809,1.43322591042e-08
369.271788035327,1.27448317570027e-08
369.438426928845,1.08788499225592e-08
369.605065822363,1.13398348486321e-08
369.77170471588,1.15152611157298e-08
369.938343609398,1.00481374499635e-08
370.104982502916,1.03986359286101e-08
370.271621396434,1.20723995891276e-08
370.438260289951,1.18245746183647e-08
370.604899183469,1.19663016682833e-08
370.771538076987,1.3446275648701e-08
370.938176970505,1.38594182583019e-08
371.104815864022,1.41357776913313e-08
371.27145475754,1.12983833260548e-08
371.438093651058,9.61212049426811e-09
371.604732544576,9.60789444460343e-09
371.771371438093,1.20599117946819e-08
371.938010331611,1.29412900914839e-08
372.104649225129,1.26680746309594e-08
372.271288118647,1.32473275346848e-08
372.437927012164,1.3073179335799e-08
372.604565905682,1.05492846392344e-08
372.7712047992,1.16859154055055e-08
372.937843692718,1.20419212204357e-08
373.104482586235,9.43411482780571e-09
373.271121479753,1.04118127620089e-08
373.437760373271,1.07064513683533e-08
373.604399266789,1.01587269273181e-08
373.771038160306,1.07730511714623e-08
373.937677053824,1.0814566123298e-08
374.104315947342,1.18299353452211e-08
374.27095484086,9.97683083545688e-09
374.437593734377,1.11113174403651e-08
374.604232627895,1.28681463059159e-08
374.770871521413,1.00549430069325e-08
374.937510414931,8.96535681227463e-09
375.104149308448,1.01740900237692e-08
375.270788201966,9.85514331864086e-09
375.437427095484,8.09602110858787e-09
375.604065989002,1.07712386897044e-08
375.770704882519,1.23500873842323e-08
375.937343776037,1.3502654287546e-08
376.103982669555,1.29695965026904e-08
376.270621563072,8.79973262838224e-09
376.43726045659,8.1184570123623e-09
376.603899350108,1.04708646208505e-08
376.770538243626,1.26487424584679e-08
376.937177137144,9.78942569003279e-09
377.103816030661,1.42760957936144e-08
377.270454924179,1.51419885898646e-08
377.437093817697,1.15718714357491e-08
377.603732711214,8.86408564439376e-09
377.770371604732,9.27296667249739e-09
377.93701049825,1.00559120145954e-08
378.103649391768,1.4335774296893e-08
378.270288285285,1.26374711526863e-08
378.436927178803,1.39241398506626e-08
378.603566072321,1.36774842798059e-08
378.770204965839,1.03353092545702e-08
378.936843859356,1.00431931629025e-08
379.103482752874,1.11668699523036e-08
379.270121646392,1.3431743608553e-08
379.43676053991,1.23469817679239e-08
379.603399433427,8.7415382714141e-09
379.770038326945,1.17022102068853e-08
379.936677220463,1.0408338999031e-08
380.103316113981,9.66992228505561e-09
380.269955007498,1.15036920864059e-08
380.436593901016,1.0411890929351e-08
380.603232794534,1.05062946678841e-08
380.769871688052,1.08798877656627e-08
380.936510581569,9.69288908964251e-09
381.103149475087,8.83903815473606e-09
381.269788368605,9.04488515902703e-09
381.436427262123,9.96716272841046e-09
381.60306615564,1.06868181872605e-08
381.769705049158,1.02813797784269e-08
381.936343942676,1.10336380352484e-08
382.102982836194,1.23328870666396e-08
382.269621729711,1.27716259691027e-08
382.436260623229,1.01714977738659e-08
382.602899516747,9.55393577645027e-09
382.769538410265,8.78842808132593e-09
382.936177303782,1.19035633688744e-08
383.1028161973,1.28340529601545e-08
383.269455090818,1.06171227752749e-08
383.436093984336,1.08624381145767e-08
383.602732877853,1.30595325676753e-08
383.769371771371,1.06112430227211e-08
383.936010664889,9.41740794247347e-09
384.102649558407,9.37042938014013e-09
384.269288451924,1.15394838370988e-08
384.435927345442,1.41055012947864e-08
384.60256623896,1.11644119223193e-08
384.769205132478,1.03781005614611e-08
384.935844025995,1.02834210702984e-08
385.102482919513,1.31232591872194e-08
385.269121813031,1.30663409236005e-08
385.435760706549,1.43120291044765e-08
385.602399600066,1.10638638099618e-08
385.769038493584,1.06951510848118e-08
385.935677387102,8.7916680738753e-09
386.10231628062,1.17459184039847e-08
386.268955174137,9.45698328170471e-09
386.435594067655,9.25323695241059e-09
386.602232961173,1.18911199254049e-08
386.76887185469,1.13046709877233e-08
386.935510748208,1.39639096357589e-08
387.102149641726,1.01674729044114e-08
387.268788535244,9.38470257856959e-09
387.435427428761,1.06106506281825e-08
387.602066322279,9.2527226545413e-09
387.768705215797,1.12919858622768e-08
387.935344109315,1.35459839410273e-08
388.101983002832,1.29051443764027e-08
388.26862189635,1.11053027794756e-08
388.435260789868,1.21594590925124e-08
388.601899683386,1.30916946257235e-08
388.768538576903,9.97246461346631e-09
388.935177470421,8.64576453135261e-09
389.101816363939,1.1120756129165e-08
389.268455257457,1.14810108907602e-08
389.435094150974,1.09518918036104e-08
389.601733044492,1.43861161631224e-08
389.76837193801,1.33181207968513e-08
389.935010831528,1.2261852322399e-08
390.101649725045,1.17117138160369e-08
390.268288618563,1.11553974817573e-08
390.434927512081,1.34011304977462e-08
390.601566405599,1.09539334792677e-08
390.768205299116,1.07866261364022e-08
390.934844192634,1.04086392177033e-08
391.101483086152,1.03318345537199e-08
391.26812197967,1.20262475859154e-08
391.434760873187,1.18828810476844e-08
391.601399766705,1.20917988882797e-08
391.768038660223,1.21308181691888e-08
391.934677553741,1.22502776012537e-08
392.101316447258,1.01504691473288e-08
392.267955340776,1.18789018707339e-08
392.434594234294,1.19986224073013e-08
392.601233127812,1.08647271332985e-08
392.767872021329,1.26503070090463e-08
392.934510914847,9.18103993549966e-09
393.101149808365,1.15046759219482e-08
393.267788701883,1.23473440957475e-08
393.4344275954,1.35014809885642e-08
393.601066488918,1.2154048875621e-08
393.767705382436,1.39870489644011e-08
393.934344275954,1.47307163136187e-08
394.100983169471,1.22480410012355e-08
394.267622062989,1.19192307730029e-08
394.434260956507,1.14982263483112e-08
394.600899850025,1.14170623287933e-08
394.767538743542,1.0336002402662e-08
394.93417763706,1.05923549040521e-08
395.100816530578,1.10353267827428e-08
395.267455424096,1.07989189040155e-08
395.434094317613,1.00694033536423e-08
395.600733211131,9.32668637740438e-09
395.767372104649,9.78968977233265e-09
395.934010998167,1.09869153682061e-08
396.100649891684,9.4971634460239e-09
396.267288785202,7.78294597495865e-09
396.43392767872,9.11006060305165e-09
396.600566572238,9.27957580816606e-09
396.767205465755,9.63221347929662e-09
396.933844359273,1.11463125512705e-08
397.100483252791,1.16434534589972e-08
397.267122146309,1.18163899030877e-08
397.433761039826,1.04715356692732e-08
397.600399933344,1.32836255351844e-08
397.767038826862,9.35360726429088e-09
397.93367772038,8.36679299011126e-09
398.100316613897,1.09961518562565e-08
398.266955507415,1.34690330314737e-08
398.433594400933,1.36224109853344e-08
398.600233294451,1.03803873460958e-08
398.766872187968,1.1160316562398e-08
398.933511081486,1.24950895619943e-08
399.100149975004,1.24917030929124e-08
399.266788868522,1.02436992176357e-08
399.433427762039,1.0119786435631e-08
399.600066655557,1.19128897924165e-08
399.766705549075,1.19239906169668e-08
399.933344442592,1.47252150647463e-08
400.09998333611,1.52510292232031e-08
400.266622229628,1.20718119915343e-08
400.433261123146,1.08808002975985e-08
400.599900016664,1.48629553960589e-08
400.766538910181,1.23466180729292e-08
400.933177803699,1.18329834409479e-08
401.099816697217,1.42192729240064e-08
401.266455590734,1.14603296995699e-08
401.433094484252,1.09772477880025e-08
401.59973337777,1.1133238232396e-08
401.766372271288,1.17254798180954e-08
401.933011164805,1.18551521631352e-08
402.099650058323,1.16951733233654e-08
402.266288951841,1.13610868005255e-08
402.432927845359,1.33078475223777e-08
402.599566738876,1.21010811777605e-08
402.766205632394,1.11275445325829e-08
402.932844525912,9.38001959837296e-09
403.09948341943,1.34151268755283e-08
403.266122312947,1.20201280276669e-08
403.432761206465,9.78303928482082e-09
403.599400099983,9.5000986164612e-09
403.766038993501,1.22334380436745e-08
403.932677887018,1.25424039120013e-08
404.099316780536,1.29567600920605e-08
404.265955674054,1.22272516674952e-08
404.432594567572,1.31228081018568e-08
404.599233461089,1.17220923260713e-08
404.765872354607,1.00903473847305e-08
404.932511248125,1.02404166976107e-08
405.099150141643,1.09333121092031e-08
405.26578903516,1.09119613001491e-08
405.432427928678,1.116970413215e-08
405.599066822196,1.00271888642258e-08
405.765705715714,1.25652856630675e-08
405.932344609231,1.16485284214872e-08
406.098983502749,1.12728480517906e-08
406.265622396267,1.22672750413108e-08
406.432261289785,1.07006320854128e-08
406.598900183302,9.68933249040741e-09
406.76553907682,9.07323105646073e-09
406.932177970338,1.10641855864203e-08
407.098816863856,1.61217826068324e-08
407.265455757373,1.5553620563506e-08
407.432094650891,1.07863790514832e-08
407.598733544409,1.03306198983997e-08
407.765372437927,7.98682960842383e-09
407.932011331444,6.70149817060624e-09
408.098650224962,8.70119308681692e-09
408.26528911848,1.0695741819848e-08
408.431928011998,1.1403508201378e-08
408.598566905515,1.08445771503945e-08
408.765205799033,1.14186268008987e-08
408.931844692551,1.34132544408806e-08
409.098483586069,1.62156237874296e-08
409.265122479586,1.21515908163653e-08
409.431761373104,1.00613195586515e-08
409.598400266622,9.50059026091738e-09
409.76503916014,1.17109848217173e-08
409.931678053657,1.04404770795153e-08
410.098316947175,1.14335805785152e-08
410.264955840693,1.07686730980572e-08
410.431594734211,9.30709064080542e-09
410.598233627728,1.14185279650213e-08
410.764872521246,1.25012778242572e-08
410.931511414764,1.53033894404252e-08
411.098150308282,1.05396996762668e-08
411.264789201799,1.27140976189521e-08
411.431428095317,1.51271036271862e-08
411.598066988835,1.15598895935236e-08
411.764705882353,1.20539119651184e-08
411.93134477587,8.07857536381406e-09
412.097983669388,1.05814402243843e-08
412.264622562906,1.19131383264698e-08
412.431261456424,1.20873480175143e-08
412.597900349941,1.10457106987485e-08
412.764539243459,1.06935313660542e-08
412.931178136977,8.11698155840552e-09
413.097817030495,1.34468647767346e-08
413.264455924012,1.54791116091321e-08
413.43109481753,1.15294860372093e-08
413.597733711048,9.82735591425437e-09
413.764372604565,9.49954478864104e-09
413.931011498083,1.13369233393584e-08
414.097650391601,1.21833579498986e-08
414.264289285119,1.090895864253e-08
414.430928178637,1.14345729157004e-08
414.597567072154,1.17240363813828e-08
414.764205965672,9.42562538119048e-09
414.93084485919,8.58561244944997e-09
415.097483752707,1.0019924992143e-08
415.264122646225,1.18899790231012e-08
415.430761539743,1.12755598459558e-08
415.597400433261,1.21551441170086e-08
415.764039326778,9.55541797174823e-09
415.930678220296,8.70030503658998e-09
416.097317113814,8.15993468397668e-09
416.263956007332,1.07183350583354e-08
416.430594900849,1.37510718718892e-08
416.597233794367,1.1512804288333e-08
416.763872687885,1.02890771349273e-08
416.930511581403,1.1100391522493e-08
417.09715047492,1.15300489134267e-08
417.263789368438,9.18288859284448e-09
417.430428261956,6.27130558869542e-09
417.597067155474,9.19382160766207e-09
417.763706048991,1.00909580253583e-08
417.930344942509,9.5147641090632e-09
418.096983836027,9.06257957550974e-09
418.263622729545,8.40438950115475e-09
418.430261623062,1.07389405561032e-08
418.59690051658,1.31817031364017e-08
418.763539410098,1.49025197556292e-08
418.930178303616,1.04474255996505e-08
419.096817197133,1.14185255466553e-08
419.263456090651,1.30480022075305e-08
419.430094984169,1.44447411126917e-08
419.596733877687,1.29676474020286e-08
419.763372771204,1.15499051544628e-08
419.930011664722,1.25721215984786e-08
420.09665055824,1.43279612231852e-08
420.263289451758,1.45519726708302e-08
420.429928345275,1.02850489571075e-08
420.596567238793,1.02183100635644e-08
420.763206132311,9.32600773679573e-09
420.929845025829,1.26872215701985e-08
421.096483919346,1.3741691389605e-08
421.263122812864,1.29815920893414e-08
421.429761706382,1.07502979712586e-08
421.5964005999,1.28331927939265e-08
421.763039493417,1.28787787251853e-08
421.929678386935,1.25207205970572e-08
422.096317280453,9.6167209680875e-09
422.262956173971,1.0795925770487e-08
422.429595067488,1.19563868630906e-08
422.596233961006,1.02877638312451e-08
422.762872854524,9.8784232927525e-09
422.929511748042,1.0405942353036e-08
423.096150641559,8.46965212186611e-09
423.262789535077,1.04037297736084e-08
423.429428428595,1.34492721420483e-08
423.596067322113,1.59857781123618e-08
423.76270621563,1.19763344815502e-08
423.929345109148,1.18974712309306e-08
424.095984002666,1.39690605003402e-08
424.262622896184,1.52599546662938e-08
424.429261789701,1.27891793739328e-08
424.595900683219,1.13272840765446e-08
424.762539576737,1.1006731673221e-08
424.929178470255,1.02470816157022e-08
425.095817363772,8.7428496602056e-09
425.26245625729,9.61453583054511e-09
425.429095150808,1.1628297120577e-08
425.595734044326,1.1695960517759e-08
425.762372937843,1.03311490270789e-08
425.929011831361,1.17564714511676e-08
426.095650724879,1.30631768824479e-08
426.262289618397,8.70892489226876e-09
426.428928511914,1.15842365946965e-08
426.595567405432,1.02121387364436e-08
426.76220629895,9.04954363229654e-09
426.928845192468,1.31255169542215e-08
427.095484085985,1.11789449068389e-08
427.262122979503,9.63599238942777e-09
427.428761873021,9.23392171452167e-09
427.595400766539,1.13547991051919e-08
427.762039660056,8.8579589628721e-09
427.928678553574,9.14575208192525e-09
428.095317447092,8.16549913509183e-09
428.26195634061,8.63260714344731e-09
428.428595234127,1.05263953105855e-08
428.595234127645,1.29905805216549e-08
428.761873021163,1.22372782628608e-08
428.92851191468,1.15378413186136e-08
429.095150808198,1.01035788765285e-08
429.261789701716,1.03776399569919e-08
429.428428595234,9.93227044518848e-09
429.595067488752,1.07319242372307e-08
429.761706382269,1.08784970538114e-08
429.928345275787,1.25365514905027e-08
430.094984169305,1.23892131599503e-08
430.261623062822,1.03835488246113e-08
430.42826195634,9.50672560969742e-09
430.594900849858,1.24244409695435e-08
430.761539743376,1.09895143005794e-08
430.928178636893,1.20554933346106e-08
431.094817530411,1.52956539240041e-08
431.261456423929,1.34450832156603e-08
431.428095317447,1.36421984582669e-08
431.594734210964,1.57571983286793e-08
431.761373104482,1.27762442476954e-08
431.928011998,9.13183423914943e-09
432.094650891518,9.46426738620344e-09
432.261289785035,1.26467341579673e-08
432.427928678553,1.23400965664658e-08
432.594567572071,9.69380660095649e-09
432.761206465589,1.17171499311032e-08
432.927845359106,9.98380452969387e-09
433.094484252624,1.09371695350589e-08
433.261123146142,1.24575884625937e-08
433.42776203966,1.17945261944937e-08
433.594400933177,1.23935454907657e-08
433.761039826695,1.07872718393045e-08
433.927678720213,1.35706871697008e-08
434.094317613731,1.1858390500011e-08
434.260956507248,1.01791465416076e-08
434.427595400766,1.06093599782315e-08
434.594234294284,1.11550663716037e-08
434.760873187802,1.30385340382431e-08
434.927512081319,9.53818209733707e-09
435.094150974837,9.02880853269244e-09
435.260789868355,8.89505503372681e-09
435.427428761873,8.93271109100595e-09
435.59406765539,1.11297176731951e-08
435.760706548908,1.25532009117845e-08
435.927345442426,1.19920664852059e-08
436.093984335944,1.36593663875461e-08
436.260623229461,1.4819972841603e-08
436.427262122979,1.20075682837604e-08
436.593901016497,1.3566334856243e-08
436.760539910015,1.06835694573864e-08
436.927178803532,1.09576762201835e-08
437.09381769705,1.11955571216634e-08
437.260456590568,1.03406867166117e-08
437.427095484086,1.45717850925548e-08
437.593734377603,1.39853571020992e-08
437.760373271121,1.17153962716841e-08
437.927012164639,1.26231875020188e-08
438.093651058157,1.11265868103597e-08
438.260289951674,1.00792794887947e-08
438.426928845192,1.17131725918122e-08
438.59356773871,1.34882989476174e-08
438.760206632228,1.18169858988696e-08
438.926845525745,9.45019591960144e-09
439.093484419263,1.01512756433605e-08
439.260123312781,1.25656721048401e-08
439.426762206299,1.28276136626372e-08
439.593401099816,1.43874164241424e-08
439.760039993334,1.45379606878493e-08
439.926678886852,1.14904388110141e-08
440.09331778037,9.93117893904114e-09
440.259956673887,1.00694559489984e-08
440.426595567405,1.06846300407492e-08
440.593234460923,1.04083391171226e-08
440.759873354441,1.15443250182347e-08
440.926512247958,1.39736051046906e-08
441.093151141476,1.28808400483933e-08
441.259790034994,1.15667680846593e-08
441.426428928512,1.10071133253965e-08
441.593067822029,1.05881827651132e-08
441.759706715547,8.92834711385914e-09
441.926345609065,1.06557374747166e-08
442.092984502583,1.04971566777696e-08
442.2596233961,1.09884155699132e-08
442.426262289618,9.93515301791595e-09
442.592901183136,9.80189825400722e-09
442.759540076653,1.04476730668624e-08
442.926178970171,1.11589264868646e-08
443.092817863689,1.09761317094754e-08
443.259456757207,1.084300030438e-08
443.426095650725,1.33661258151276e-08
443.592734544242,1.07127928007386e-08
443.75937343776,1.05569612025997e-08
443.926012331278,1.20270287589735e-08
444.092651224795,1.29110623349195e-08
444.259290118313,1.26505636108772e-08
444.425929011831,1.30652748408365e-08
444.592567905349,1.14020372178185e-08
444.759206798866,1.49205686804123e-08
444.925845692384,1.10621028570793e-08
445.092484585902,1.12856615351049e-08
445.25912347942,1.25406644588768e-08
445.425762372937,1.00830277136881e-08
445.592401266455,1.30744402765335e-08
445.759040159973,1.3846412323954e-08
445.925679053491,1.37257570425417e-08
446.092317947008,1.2042934057534e-08
446.258956840526,1.1898958485869e-08
446.425595734044,1.27706832949105e-08
446.592234627562,1.06767521139202e-08
446.758873521079,1.23945775197264e-08
446.925512414597,1.34700869941392e-08
447.092151308115,1.19001852731726e-08
447.258790201633,1.14770027430647e-08
447.42542909515,1.00479092926468e-08
447.592067988668,9.58202177668158e-09
447.758706882186,1.2555765156406e-08
447.925345775704,1.39686825957519e-08
448.091984669221,1.14307588189398e-08
448.258623562739,1.06570121969899e-08
448.425262456257,1.21082380660417e-08
448.591901349775,1.22948094623598e-08
448.758540243292,1.0131971388584e-08
448.92517913681,8.82191269002265e-09
449.091818030328,9.64948823690725e-09
449.258456923846,1.14285310006487e-08
449.425095817363,1.12718098698298e-08
449.591734710881,1.44745949846446e-08
449.758373604399,1.24220221772497e-08
449.925012497917,1.02843058388781e-08
450.091651391434,9.59001650657522e-09
450.258290284952,1.24194179694298e-08
450.42492917847,1.1757972380818e-08
450.591568071988,1.07022738704334e-08
450.758206965505,9.55499924845042e-09
450.924845859023,9.12714013772863e-09
451.091484752541,9.54958341419181e-09
451.258123646059,8.81531964904035e-09
451.424762539576,1.21114415962596e-08
451.591401433094,1.25125512455635e-08
451.758040326612,1.01074893141194e-08
451.92467922013,1.02605815740752e-08
452.091318113647,1.13824757230874e-08
452.257957007165,1.31240611160443e-08
452.424595900683,1.18172985866168e-08
452.591234794201,1.32072385585541e-08
452.757873687718,1.07347776381891e-08
452.924512581236,1.15046515370319e-08
453.091151474754,6.89036570998724e-09
453.257790368272,9.92252550294546e-09
453.424429261789,1.36276190881174e-08
453.591068155307,1.01153436861044e-08
453.757707048825,1.17595844206605e-08
453.924345942343,1.40225210714689e-08
454.09098483586,1.22993751166971e-08
454.257623729378,9.66006438225143e-09
454.424262622896,1.25721911061879e-08
454.590901516414,1.21500180243897e-08
454.757540409931,1.03272890300556e-08
454.924179303449,1.15397296657915e-08
455.090818196967,1.22142266190998e-08
455.257457090485,1.3029966288022e-08
455.424095984002,1.04773948064485e-08
455.59073487752,1.10906765009237e-08
455.757373771038,8.84403126192714e-09
455.924012664556,9.87984040065883e-09
456.090651558073,1.14714080005735e-08
456.257290451591,1.19599516683899e-08
456.423929345109,1.28614145014166e-08
456.590568238627,1.08557370598005e-08
456.757207132144,8.89010920556641e-09
456.923846025662,1.02750548238059e-08
457.09048491918,1.36784172315621e-08
457.257123812698,1.28089084751193e-08
457.423762706215,1.15692795105824e-08
457.590401599733,1.20954464978238e-08
457.757040493251,1.0354328666771e-08
457.923679386768,9.45255071796447e-09
458.090318280286,1.10952922779034e-08
458.256957173804,1.18196316758598e-08
458.423596067322,9.91058827389736e-09
458.590234960839,1.22351452503156e-08
458.756873854357,1.24191963482198e-08
458.923512747875,1.14691292889006e-08
459.090151641393,9.65144415052059e-09
459.25679053491,1.08133710953197e-08
459.423429428428,1.34556949812112e-08
459.590068321946,1.25614765142635e-08
459.756707215464,1.16211041150898e-08
459.923346108981,1.1784815989069e-08
460.089985002499,9.72615214469583e-09
460.256623896017,1.04079049722619e-08
460.423262789535,1.24627959663902e-08
460.589901683052,1.18748260223127e-08
460.75654057657,1.1235274086371e-08
460.923179470088,1.17921054924824e-08
461.089818363606,1.32162018200865e-08
461.256457257123,1.06427629515481e-08
461.423096150641,8.77767960533356e-09
461.589735044159,1.14949855170492e-08
461.756373937677,1.19392086479233e-08
461.923012831194,1.31156179912965e-08
462.089651724712,1.1411836298531e-08
462.25629061823,9.9953975514218e-09
462.422929511748,9.90378260086007e-09
462.589568405265,9.54137613985837e-09
462.756207298783,1.05763405330967e-08
462.922846192301,1.34158915666057e-08
463.089485085819,1.01827420134685e-08
463.256123979336,9.47560518724147e-09
463.422762872854,1.23397359131007e-08
463.589401766372,1.31794851447352e-08
463.75604065989,1.17178795332566e-08
463.922679553407,1.37333423588354e-08
464.089318446925,1.04336040543402e-08
464.255957340443,9.48712233105631e-09
464.422596233961,1.42551960391838e-08
464.589235127478,9.88509245702883e-09
464.755874020996,8.67896426314764e-09
464.922512914514,8.86354180183416e-09
465.089151808032,8.06830337591095e-09
465.255790701549,9.91806165822619e-09
465.422429595067,1.06663018506432e-08
465.589068488585,9.64848045893873e-09
465.755707382103,1.13884704231063e-08
465.92234627562,1.49036711749484e-08
466.088985169138,1.28238015323108e-08
466.255624062656,1.51570548920871e-08
466.422262956174,1.63758966005397e-08
466.588901849691,1.24706988511323e-08
466.755540743209,1.31839388717089e-08
466.922179636727,8.99299453618954e-09
467.088818530245,9.38196286793639e-09
467.255457423762,1.05152106449423e-08
467.42209631728,1.0157493121639e-08
467.588735210798,1.07019597042752e-08
467.755374104316,1.204806713811e-08
467.922012997833,1.46972111851674e-08
468.088651891351,1.08615142275364e-08
468.255290784869,1.02202455663036e-08
468.421929678387,1.06419844063309e-08
468.588568571904,8.88329431644201e-09
468.755207465422,9.60163052128505e-09
468.92184635894,8.79078452279811e-09
469.088485252458,9.77357273324832e-09
469.255124145975,1.16136274306258e-08
469.421763039493,1.16707740397267e-08
469.588401933011,9.21878091558759e-09
469.755040826528,1.0847490822895e-08
469.921679720046,1.09558395806252e-08
470.088318613564,8.61679670219605e-09
470.254957507082,8.00642334562798e-09
470.421596400599,7.27826091920422e-09
470.588235294117,9.26860082879851e-09
470.754874187635,7.82496948534075e-09
470.921513081153,9.87075628490998e-09
471.08815197467,1.31951551772412e-08
471.254790868188,1.16618751109105e-08
471.421429761706,1.07245837760977e-08
471.588068655224,1.14172254603557e-08
471.754707548741,1.0928964719579e-08
471.921346442259,1.14823839030175e-08
472.087985335777,1.41301622687505e-08
472.254624229295,1.54852205607697e-08
472.421263122812,1.18974371247868e-08
472.58790201633,1.08241901521119e-08
472.754540909848,1.04620172662872e-08
472.921179803366,1.10141641000548e-08
473.087818696883,1.24949557695609e-08
473.254457590401,1.31061453015394e-08
473.421096483919,1.06532710440087e-08
473.587735377437,9.99873115080626e-09
473.754374270954,1.10599917802108e-08
473.921013164472,1.11982456740386e-08
474.08765205799,1.28729136589204e-08
474.254290951508,1.31028618152478e-08
474.420929845025,1.28397155523246e-08
474.587568738543,1.40002878391561e-08
474.754207632061,1.53753393949473e-08
474.920846525579,1.01466897118689e-08
475.087485419096,1.0298934200986e-08
475.254124312614,1.11434900896959e-08
475.420763206132,1.07900120258011e-08
475.58740209965,1.51737632465314e-08
475.754040993167,1.40474600746926e-08
475.920679886685,1.28398797169337e-08
476.087318780203,1.24175730122599e-08
476.253957673721,1.11482245866796e-08
476.420596567238,1.22109172543658e-08
476.587235460756,1.17717589264106e-08
476.753874354274,1.16453695464183e-08
476.920513247792,1.43274896395735e-08
477.087152141309,1.17735002053615e-08
477.253791034827,1.08099366057385e-08
477.420429928345,1.22383377113809e-08
477.587068821863,9.56044112237212e-09
477.75370771538,6.56227060504992e-09
477.920346608898,9.06296140203535e-09
478.086985502416,1.01972619404009e-08
478.253624395934,9.3126500460101e-09
478.420263289451,9.14329280557276e-09
478.586902182969,8.40050970940044e-09
478.753541076487,9.7675718439559e-09
478.920179970005,8.53344217418571e-09
479.086818863522,1.20260241259778e-08
479.25345775704,1.37112895098231e-08
479.420096650558,1.14545338283866e-08
479.586735544076,9.17238109979754e-09
479.753374437593,9.89294209403388e-09
479.920013331111,9.65054909900693e-09
480.086652224629,8.21080314567814e-09
480.253291118147,7.31639070451701e-09
480.419930011664,1.0843026372853e-08
480.586568905182,1.16221892615507e-08
480.7532077987,1.41252101673784e-08
480.919846692218,1.46216755744064e-08
481.086485585735,1.1921478625271e-08
481.253124479253,9.33964490638155e-09
481.419763372771,8.86978638281696e-09
481.586402266288,1.09153673875342e-08
481.753041159806,1.13825126119946e-08
481.919680053324,1.31225314715654e-08
482.086318946842,1.47459617279057e-08
482.252957840359,1.41934404583481e-08
482.419596733877,1.31764906151243e-08
482.586235627395,1.27622828737776e-08
482.752874520913,1.1024443336503e-08
482.91951341443,1.057728324892e-08
483.086152307948,8.23088243848067e-09
483.252791201466,1.07350429780975e-08
483.419430094984,1.19219614603755e-08
483.586068988501,1.15062714934392e-08
483.752707882019,1.09243070638281e-08
483.919346775537,9.84930797524134e-09
484.085985669055,9.42645812270462e-09
484.252624562572,8.97993491334896e-09
484.41926345609,7.60996340150261e-09
484.585902349608,9.90859712739175e-09
484.752541243126,1.41983223398058e-08
484.919180136643,1.4297713864469e-08
485.085819030161,1.06579233165391e-08
485.252457923679,9.51545796290752e-09
485.419096817197,9.97059800840107e-09
485.585735710714,1.12373225245916e-08
485.752374604232,1.15984867319203e-08
485.91901349775,1.30078313595139e-08
486.085652391268,1.4284552400511e-08
486.252291284785,1.2681336485241e-08
486.418930178303,9.74477821605865e-09
486.585569071821,9.64334748976426e-09
486.752207965339,1.29599780462904e-08
486.918846858856,1.14420816806042e-08
487.085485752374,9.80471419435572e-09
487.252124645892,1.30664093038489e-08
487.41876353941,1.22881111510709e-08
487.585402432927,1.01577070410615e-08
487.752041326445,1.26095040128512e-08
487.918680219963,1.21067856440795e-08
488.085319113481,1.14071794616183e-08
488.251958006998,9.11356896500438e-09
488.418596900516,1.3938038267841e-08
488.585235794034,1.48641120628386e-08
488.751874687552,1.27475553949316e-08
488.918513581069,9.19776966133123e-09
489.085152474587,8.69615085651072e-09
489.251791368105,6.37318692781938e-09
489.418430261623,7.92594802628373e-09
489.58506915514,9.54573269171042e-09
489.751708048658,1.23086204705804e-08
489.918346942176,1.14836441565758e-08
490.084985835694,1.22320392912369e-08
490.251624729211,1.20839846448406e-08
490.418263622729,1.0071595917654e-08
490.584902516247,1.15483629089686e-08
490.751541409765,1.17407769330087e-08
490.918180303282,1.25651355602264e-08
491.0848191968,1.30878859349011e-08
491.251458090318,1.34963362718525e-08
491.418096983836,1.14028160407569e-08
491.584735877353,1.057045432058e-08
491.751374770871,9.75958333484901e-09
491.918013664389,1.39855213454436e-08
492.084652557907,1.29304576809655e-08
492.251291451424,8.37863752027215e-09
492.417930344942,9.9080016610168e-09
492.58456923846,1.40428507506403e-08
492.751208131978,1.29441790452913e-08
492.917847025495,1.12589586584436e-08
493.084485919013,9.84513449911347e-09
493.251124812531,9.46614902038767e-09
493.417763706049,1.03272400714426e-08
493.584402599566,1.2418990635728e-08
493.751041493084,9.44771135982656e-09
493.917680386602,8.4587492718162e-09
494.08431928012,8.64501559423408e-09
494.250958173637,8.43469655124024e-09
494.417597067155,8.10228537865275e-09
494.584235960673,1.08760705701295e-08
494.75087485419,1.27093117832714e-08
494.917513747708,1.37298253015709e-08
495.084152641226,1.20042593621556e-08
495.250791534744,1.00876018789983e-08
495.417430428261,1.07809464132835e-08
495.584069321779,9.44634295537492e-09
495.750708215297,1.05716572730392e-08
495.917347108815,1.18139599283063e-08
496.083986002332,1.04734496852564e-08
496.25062489585,1.11733566992753e-08
496.417263789368,1.00094943835165e-08
496.583902682886,1.09690743506405e-08
496.750541576403,1.14927507239195e-08
496.917180469921,9.63636604160259e-09
497.083819363439,1.0343157938102e-08
497.250458256957,1.05820803454511e-08
497.417097150474,8.14639259901631e-09
497.583736043992,8.60612765222719e-09
497.75037493751,1.32229262856182e-08
497.917013831028,1.22489048182698e-08
498.083652724545,1.1196997212509e-08
498.250291618063,1.1710449683987e-08
498.416930511581,1.19070319675761e-08
498.583569405099,1.46643577964058e-08
498.750208298616,1.14431801578643e-08
498.916847192134,9.99281436689874e-09
499.083486085652,9.88046940607627e-09
499.25012497917,1.08683753199282e-08
499.416763872687,1.20251056350796e-08
499.583402766205,1.49278752828832e-08
499.750041659723,1.23656751422266e-08
499.916680553241,1.16891235320464e-08
